1,Macsv5.Device3.Group3.B1PT1311A,Macsv5.Device3.Group3.B1PT1311A,Macsv5.Device3.Group3.B1PT1311A,1,1
2,Macsv5.Device3.Group3.B1PT1312A,Macsv5.Device3.Group3.B1PT1312A,Macsv5.Device3.Group3.B1PT1312A,1,1
3,Macsv5.Device3.Group3.B1PT1313A,Macsv5.Device3.Group3.B1PT1313A,Macsv5.Device3.Group3.B1PT1313A,1,1
4,Macsv5.Device3.Group3.B1PT1314A,Macsv5.Device3.Group3.B1PT1314A,Macsv5.Device3.Group3.B1PT1314A,1,1
5,Macsv5.Device3.Group3.B1PT1315A,Macsv5.Device3.Group3.B1PT1315A,Macsv5.Device3.Group3.B1PT1315A,1,1
6,Macsv5.Device3.Group3.B1PT1316A,Macsv5.Device3.Group3.B1PT1316A,Macsv5.Device3.Group3.B1PT1316A,1,1
7,Macsv5.Device3.Group3.B1PT1317A,Macsv5.Device3.Group3.B1PT1317A,Macsv5.Device3.Group3.B1PT1317A,1,1
8,Macsv5.Device3.Group3.B1PT1311B,Macsv5.Device3.Group3.B1PT1311B,Macsv5.Device3.Group3.B1PT1311B,1,1
9,Macsv5.Device3.Group3.B1PT1312B,Macsv5.Device3.Group3.B1PT1312B,Macsv5.Device3.Group3.B1PT1312B,1,1
10,Macsv5.Device3.Group3.B1PT1313B,Macsv5.Device3.Group3.B1PT1313B,Macsv5.Device3.Group3.B1PT1313B,1,1
11,Macsv5.Device3.Group3.B1PT1314B,Macsv5.Device3.Group3.B1PT1314B,Macsv5.Device3.Group3.B1PT1314B,1,1
12,Macsv5.Device3.Group3.B1PT1315B,Macsv5.Device3.Group3.B1PT1315B,Macsv5.Device3.Group3.B1PT1315B,1,1
13,Macsv5.Device3.Group3.B1PT1316B,Macsv5.Device3.Group3.B1PT1316B,Macsv5.Device3.Group3.B1PT1316B,1,1
14,Macsv5.Device3.Group3.B1PT1317B,Macsv5.Device3.Group3.B1PT1317B,Macsv5.Device3.Group3.B1PT1317B,1,1
15,Macsv5.Device3.Group3.B1FT1521,Macsv5.Device3.Group3.B1FT1521,Macsv5.Device3.Group3.B1FT1521,1,1
16,Macsv5.Device3.Group3.B1MF1031_CT,Macsv5.Device3.Group3.B1MF1031_CT,Macsv5.Device3.Group3.B1MF1031_CT,1,1
17,Macsv5.Device3.Group3.B1FT1522,Macsv5.Device3.Group3.B1FT1522,Macsv5.Device3.Group3.B1FT1522,1,1
18,Macsv5.Device3.Group3.B1PT1611,Macsv5.Device3.Group3.B1PT1611,Macsv5.Device3.Group3.B1PT1611,1,1
19,Macsv5.Device3.Group3.B1ZQCHBY02,Macsv5.Device3.Group3.B1ZQCHBY02,Macsv5.Device3.Group3.B1ZQCHBY02,1,1
20,Macsv5.Device3.Group3.B1CEMS_CO,Macsv5.Device3.Group3.B1CEMS_CO,Macsv5.Device3.Group3.B1CEMS_CO,1,1
21,Macsv5.Device3.Group3.B1ZQCHAI07R,Macsv5.Device3.Group3.B1ZQCHAI07R,Macsv5.Device3.Group3.B1ZQCHAI07R,1,1
22,Macsv5.Device3.Group3.B1ZQCHBY03,Macsv5.Device3.Group3.B1ZQCHBY03,Macsv5.Device3.Group3.B1ZQCHBY03,1,1
23,Macsv5.Device3.Group3.B1ZQCHBY04,Macsv5.Device3.Group3.B1ZQCHBY04,Macsv5.Device3.Group3.B1ZQCHBY04,1,1
24,Macsv5.Device3.Group3.B1TE1201A,Macsv5.Device3.Group3.B1TE1201A,Macsv5.Device3.Group3.B1TE1201A,1,1
25,Macsv5.Device3.Group3.B1TE1211A,Macsv5.Device3.Group3.B1TE1211A,Macsv5.Device3.Group3.B1TE1211A,1,1
26,Macsv5.Device3.Group3.B1TE1211C,Macsv5.Device3.Group3.B1TE1211C,Macsv5.Device3.Group3.B1TE1211C,1,1
27,Macsv5.Device3.Group3.B1TE1201B,Macsv5.Device3.Group3.B1TE1201B,Macsv5.Device3.Group3.B1TE1201B,1,1
28,Macsv5.Device3.Group3.B1TE1211B,Macsv5.Device3.Group3.B1TE1211B,Macsv5.Device3.Group3.B1TE1211B,1,1
29,Macsv5.Device3.Group3.B1TE1211D,Macsv5.Device3.Group3.B1TE1211D,Macsv5.Device3.Group3.B1TE1211D,1,1
30,Macsv5.Device3.Group3.B1TE1311A,Macsv5.Device3.Group3.B1TE1311A,Macsv5.Device3.Group3.B1TE1311A,1,1
31,Macsv5.Device3.Group3.B1TE1312A,Macsv5.Device3.Group3.B1TE1312A,Macsv5.Device3.Group3.B1TE1312A,1,1
32,Macsv5.Device3.Group3.B1TE1313A,Macsv5.Device3.Group3.B1TE1313A,Macsv5.Device3.Group3.B1TE1313A,1,1
33,Macsv5.Device3.Group3.B1TE1314A,Macsv5.Device3.Group3.B1TE1314A,Macsv5.Device3.Group3.B1TE1314A,1,1
34,Macsv5.Device3.Group3.B1TE1315A,Macsv5.Device3.Group3.B1TE1315A,Macsv5.Device3.Group3.B1TE1315A,1,1
35,Macsv5.Device3.Group3.B1TE1316A,Macsv5.Device3.Group3.B1TE1316A,Macsv5.Device3.Group3.B1TE1316A,1,1
36,Macsv5.Device3.Group3.B1TE1317A,Macsv5.Device3.Group3.B1TE1317A,Macsv5.Device3.Group3.B1TE1317A,1,1
37,Macsv5.Device3.Group3.B1TE1311B,Macsv5.Device3.Group3.B1TE1311B,Macsv5.Device3.Group3.B1TE1311B,1,1
38,Macsv5.Device3.Group3.B1TE1312B,Macsv5.Device3.Group3.B1TE1312B,Macsv5.Device3.Group3.B1TE1312B,1,1
39,Macsv5.Device3.Group3.B1TE1313B,Macsv5.Device3.Group3.B1TE1313B,Macsv5.Device3.Group3.B1TE1313B,1,1
40,Macsv5.Device3.Group3.B1TE1314B,Macsv5.Device3.Group3.B1TE1314B,Macsv5.Device3.Group3.B1TE1314B,1,1
41,Macsv5.Device3.Group3.B1TE1315B,Macsv5.Device3.Group3.B1TE1315B,Macsv5.Device3.Group3.B1TE1315B,1,1
42,Macsv5.Device3.Group3.B1TE1316B,Macsv5.Device3.Group3.B1TE1316B,Macsv5.Device3.Group3.B1TE1316B,1,1
43,Macsv5.Device3.Group3.B1TE1317B,Macsv5.Device3.Group3.B1TE1317B,Macsv5.Device3.Group3.B1TE1317B,1,1
44,Macsv5.Device3.Group3.B1TE1611,Macsv5.Device3.Group3.B1TE1611,Macsv5.Device3.Group3.B1TE1611,1,1
45,Macsv5.Device3.Group3.B2PT1311A,Macsv5.Device3.Group3.B2PT1311A,Macsv5.Device3.Group3.B2PT1311A,1,1
46,Macsv5.Device3.Group3.B2PT1312A,Macsv5.Device3.Group3.B2PT1312A,Macsv5.Device3.Group3.B2PT1312A,1,1
47,Macsv5.Device3.Group3.B2PT1313A,Macsv5.Device3.Group3.B2PT1313A,Macsv5.Device3.Group3.B2PT1313A,1,1
48,Macsv5.Device3.Group3.B2PT1314A,Macsv5.Device3.Group3.B2PT1314A,Macsv5.Device3.Group3.B2PT1314A,1,1
49,Macsv5.Device3.Group3.B2PT1315A,Macsv5.Device3.Group3.B2PT1315A,Macsv5.Device3.Group3.B2PT1315A,1,1
50,Macsv5.Device3.Group3.B2PT1316A,Macsv5.Device3.Group3.B2PT1316A,Macsv5.Device3.Group3.B2PT1316A,1,1
51,Macsv5.Device3.Group3.B2PT1317A,Macsv5.Device3.Group3.B2PT1317A,Macsv5.Device3.Group3.B2PT1317A,1,1
52,Macsv5.Device3.Group3.B2PT1311B,Macsv5.Device3.Group3.B2PT1311B,Macsv5.Device3.Group3.B2PT1311B,1,1
53,Macsv5.Device3.Group3.B2PT1312B,Macsv5.Device3.Group3.B2PT1312B,Macsv5.Device3.Group3.B2PT1312B,1,1
54,Macsv5.Device3.Group3.B2PT1313B,Macsv5.Device3.Group3.B2PT1313B,Macsv5.Device3.Group3.B2PT1313B,1,1
55,Macsv5.Device3.Group3.B2PT1314B,Macsv5.Device3.Group3.B2PT1314B,Macsv5.Device3.Group3.B2PT1314B,1,1
56,Macsv5.Device3.Group3.B2PT1315B,Macsv5.Device3.Group3.B2PT1315B,Macsv5.Device3.Group3.B2PT1315B,1,1
57,Macsv5.Device3.Group3.B2PT1316B,Macsv5.Device3.Group3.B2PT1316B,Macsv5.Device3.Group3.B2PT1316B,1,1
58,Macsv5.Device3.Group3.B2PT1317B,Macsv5.Device3.Group3.B2PT1317B,Macsv5.Device3.Group3.B2PT1317B,1,1
59,Macsv5.Device3.Group3.B2FT1521,Macsv5.Device3.Group3.B2FT1521,Macsv5.Device3.Group3.B2FT1521,1,1
60,Macsv5.Device3.Group3.B2MF1031_CT,Macsv5.Device3.Group3.B2MF1031_CT,Macsv5.Device3.Group3.B2MF1031_CT,1,1
61,Macsv5.Device3.Group3.B2FT1522,Macsv5.Device3.Group3.B2FT1522,Macsv5.Device3.Group3.B2FT1522,1,1
62,Macsv5.Device3.Group3.B2PT1611,Macsv5.Device3.Group3.B2PT1611,Macsv5.Device3.Group3.B2PT1611,1,1
63,Macsv5.Device3.Group3.NET1118,Macsv5.Device3.Group3.NET1118,Macsv5.Device3.Group3.NET1118,1,1
64,Macsv5.Device3.Group3.B2CEMS_CO,Macsv5.Device3.Group3.B2CEMS_CO,Macsv5.Device3.Group3.B2CEMS_CO,1,1
65,Macsv5.Device3.Group3.B2ZQCHBY05,Macsv5.Device3.Group3.B2ZQCHBY05,Macsv5.Device3.Group3.B2ZQCHBY05,1,1
66,Macsv5.Device3.Group3.NET1119,Macsv5.Device3.Group3.NET1119,Macsv5.Device3.Group3.NET1119,1,1
67,Macsv5.Device3.Group3.NET1120,Macsv5.Device3.Group3.NET1120,Macsv5.Device3.Group3.NET1120,1,1
68,Macsv5.Device3.Group3.B2TE1491,Macsv5.Device3.Group3.B2TE1491,Macsv5.Device3.Group3.B2TE1491,1,1
69,Macsv5.Device3.Group3.B2TE1201A,Macsv5.Device3.Group3.B2TE1201A,Macsv5.Device3.Group3.B2TE1201A,1,1
70,Macsv5.Device3.Group3.B2TE1211A,Macsv5.Device3.Group3.B2TE1211A,Macsv5.Device3.Group3.B2TE1211A,1,1
71,Macsv5.Device3.Group3.B2TE1211C,Macsv5.Device3.Group3.B2TE1211C,Macsv5.Device3.Group3.B2TE1211C,1,1
72,Macsv5.Device3.Group3.B2TE1201B,Macsv5.Device3.Group3.B2TE1201B,Macsv5.Device3.Group3.B2TE1201B,1,1
73,Macsv5.Device3.Group3.B2TE1211B,Macsv5.Device3.Group3.B2TE1211B,Macsv5.Device3.Group3.B2TE1211B,1,1
74,Macsv5.Device3.Group3.B2TE1211D,Macsv5.Device3.Group3.B2TE1211D,Macsv5.Device3.Group3.B2TE1211D,1,1
75,Macsv5.Device3.Group3.B2TE1311A,Macsv5.Device3.Group3.B2TE1311A,Macsv5.Device3.Group3.B2TE1311A,1,1
76,Macsv5.Device3.Group3.B2TE1312A,Macsv5.Device3.Group3.B2TE1312A,Macsv5.Device3.Group3.B2TE1312A,1,1
77,Macsv5.Device3.Group3.B2TE1313A,Macsv5.Device3.Group3.B2TE1313A,Macsv5.Device3.Group3.B2TE1313A,1,1
78,Macsv5.Device3.Group3.B2TE1314A,Macsv5.Device3.Group3.B2TE1314A,Macsv5.Device3.Group3.B2TE1314A,1,1
79,Macsv5.Device3.Group3.B2TE1315A,Macsv5.Device3.Group3.B2TE1315A,Macsv5.Device3.Group3.B2TE1315A,1,1
80,Macsv5.Device3.Group3.B2TE1316A,Macsv5.Device3.Group3.B2TE1316A,Macsv5.Device3.Group3.B2TE1316A,1,1
81,Macsv5.Device3.Group3.B2TE1317A,Macsv5.Device3.Group3.B2TE1317A,Macsv5.Device3.Group3.B2TE1317A,1,1
82,Macsv5.Device3.Group3.B2TE1311B,Macsv5.Device3.Group3.B2TE1311B,Macsv5.Device3.Group3.B2TE1311B,1,1
83,Macsv5.Device3.Group3.B2TE1312B,Macsv5.Device3.Group3.B2TE1312B,Macsv5.Device3.Group3.B2TE1312B,1,1
84,Macsv5.Device3.Group3.B2TE1313B,Macsv5.Device3.Group3.B2TE1313B,Macsv5.Device3.Group3.B2TE1313B,1,1
85,Macsv5.Device3.Group3.B2TE1314B,Macsv5.Device3.Group3.B2TE1314B,Macsv5.Device3.Group3.B2TE1314B,1,1
86,Macsv5.Device3.Group3.B2TE1315B,Macsv5.Device3.Group3.B2TE1315B,Macsv5.Device3.Group3.B2TE1315B,1,1
87,Macsv5.Device3.Group3.B2TE1316B,Macsv5.Device3.Group3.B2TE1316B,Macsv5.Device3.Group3.B2TE1316B,1,1
88,Macsv5.Device3.Group3.B2TE1317B,Macsv5.Device3.Group3.B2TE1317B,Macsv5.Device3.Group3.B2TE1317B,1,1
89,Macsv5.Device3.Group3.B2TE1611,Macsv5.Device3.Group3.B2TE1611,Macsv5.Device3.Group3.B2TE1611,1,1
90,Macsv5.Device3.Group3.B3PT1311A,Macsv5.Device3.Group3.B3PT1311A,Macsv5.Device3.Group3.B3PT1311A,1,1
91,Macsv5.Device3.Group3.B3PT1312A,Macsv5.Device3.Group3.B3PT1312A,Macsv5.Device3.Group3.B3PT1312A,1,1
92,Macsv5.Device3.Group3.B3PT1313A,Macsv5.Device3.Group3.B3PT1313A,Macsv5.Device3.Group3.B3PT1313A,1,1
93,Macsv5.Device3.Group3.B3PT1314A,Macsv5.Device3.Group3.B3PT1314A,Macsv5.Device3.Group3.B3PT1314A,1,1
94,Macsv5.Device3.Group3.B3PT1315A,Macsv5.Device3.Group3.B3PT1315A,Macsv5.Device3.Group3.B3PT1315A,1,1
95,Macsv5.Device3.Group3.B3PT1316A,Macsv5.Device3.Group3.B3PT1316A,Macsv5.Device3.Group3.B3PT1316A,1,1
96,Macsv5.Device3.Group3.B3PT1317A,Macsv5.Device3.Group3.B3PT1317A,Macsv5.Device3.Group3.B3PT1317A,1,1
97,Macsv5.Device3.Group3.B3PT1311B,Macsv5.Device3.Group3.B3PT1311B,Macsv5.Device3.Group3.B3PT1311B,1,1
98,Macsv5.Device3.Group3.B3PT1312B,Macsv5.Device3.Group3.B3PT1312B,Macsv5.Device3.Group3.B3PT1312B,1,1
99,Macsv5.Device3.Group3.B3PT1313B,Macsv5.Device3.Group3.B3PT1313B,Macsv5.Device3.Group3.B3PT1313B,1,1
100,Macsv5.Device3.Group3.B3PT1314B,Macsv5.Device3.Group3.B3PT1314B,Macsv5.Device3.Group3.B3PT1314B,1,1
101,Macsv5.Device3.Group3.B3PT1315B,Macsv5.Device3.Group3.B3PT1315B,Macsv5.Device3.Group3.B3PT1315B,1,1
102,Macsv5.Device3.Group3.B3PT1316B,Macsv5.Device3.Group3.B3PT1316B,Macsv5.Device3.Group3.B3PT1316B,1,1
103,Macsv5.Device3.Group3.B3PT1317B,Macsv5.Device3.Group3.B3PT1317B,Macsv5.Device3.Group3.B3PT1317B,1,1
104,Macsv5.Device3.Group3.B3FT1521,Macsv5.Device3.Group3.B3FT1521,Macsv5.Device3.Group3.B3FT1521,1,1
105,Macsv5.Device3.Group3.B3MF1031_CT,Macsv5.Device3.Group3.B3MF1031_CT,Macsv5.Device3.Group3.B3MF1031_CT,1,1
106,Macsv5.Device3.Group3.B3FT1522,Macsv5.Device3.Group3.B3FT1522,Macsv5.Device3.Group3.B3FT1522,1,1
107,Macsv5.Device3.Group3.B3PT1611,Macsv5.Device3.Group3.B3PT1611,Macsv5.Device3.Group3.B3PT1611,1,1
108,Macsv5.Device3.Group3.NET1218,Macsv5.Device3.Group3.NET1218,Macsv5.Device3.Group3.NET1218,1,1
109,Macsv5.Device3.Group3.B3CEMS_CO,Macsv5.Device3.Group3.B3CEMS_CO,Macsv5.Device3.Group3.B3CEMS_CO,1,1
110,Macsv5.Device3.Group3.B3ZQCHBY05,Macsv5.Device3.Group3.B3ZQCHBY05,Macsv5.Device3.Group3.B3ZQCHBY05,1,1
111,Macsv5.Device3.Group3.NET1219,Macsv5.Device3.Group3.NET1219,Macsv5.Device3.Group3.NET1219,1,1
112,Macsv5.Device3.Group3.NET1220,Macsv5.Device3.Group3.NET1220,Macsv5.Device3.Group3.NET1220,1,1
113,Macsv5.Device3.Group3.B3TE1491,Macsv5.Device3.Group3.B3TE1491,Macsv5.Device3.Group3.B3TE1491,1,1
114,Macsv5.Device3.Group3.B3TE1201A,Macsv5.Device3.Group3.B3TE1201A,Macsv5.Device3.Group3.B3TE1201A,1,1
115,Macsv5.Device3.Group3.B3TE1211A,Macsv5.Device3.Group3.B3TE1211A,Macsv5.Device3.Group3.B3TE1211A,1,1
116,Macsv5.Device3.Group3.B3TE1211C,Macsv5.Device3.Group3.B3TE1211C,Macsv5.Device3.Group3.B3TE1211C,1,1
117,Macsv5.Device3.Group3.B3TE1201B,Macsv5.Device3.Group3.B3TE1201B,Macsv5.Device3.Group3.B3TE1201B,1,1
118,Macsv5.Device3.Group3.B3TE1211B,Macsv5.Device3.Group3.B3TE1211B,Macsv5.Device3.Group3.B3TE1211B,1,1
119,Macsv5.Device3.Group3.B3TE1211D,Macsv5.Device3.Group3.B3TE1211D,Macsv5.Device3.Group3.B3TE1211D,1,1
120,Macsv5.Device3.Group3.B3TE1311A,Macsv5.Device3.Group3.B3TE1311A,Macsv5.Device3.Group3.B3TE1311A,1,1
121,Macsv5.Device3.Group3.B3TE1312A,Macsv5.Device3.Group3.B3TE1312A,Macsv5.Device3.Group3.B3TE1312A,1,1
122,Macsv5.Device3.Group3.B3TE1313A,Macsv5.Device3.Group3.B3TE1313A,Macsv5.Device3.Group3.B3TE1313A,1,1
123,Macsv5.Device3.Group3.B3TE1314A,Macsv5.Device3.Group3.B3TE1314A,Macsv5.Device3.Group3.B3TE1314A,1,1
124,Macsv5.Device3.Group3.B3TE1315A,Macsv5.Device3.Group3.B3TE1315A,Macsv5.Device3.Group3.B3TE1315A,1,1
125,Macsv5.Device3.Group3.B3TE1316A,Macsv5.Device3.Group3.B3TE1316A,Macsv5.Device3.Group3.B3TE1316A,1,1
126,Macsv5.Device3.Group3.B3TE1317A,Macsv5.Device3.Group3.B3TE1317A,Macsv5.Device3.Group3.B3TE1317A,1,1
127,Macsv5.Device3.Group3.B3TE1311B,Macsv5.Device3.Group3.B3TE1311B,Macsv5.Device3.Group3.B3TE1311B,1,1
128,Macsv5.Device3.Group3.B3TE1312B,Macsv5.Device3.Group3.B3TE1312B,Macsv5.Device3.Group3.B3TE1312B,1,1
129,Macsv5.Device3.Group3.B3TE1313B,Macsv5.Device3.Group3.B3TE1313B,Macsv5.Device3.Group3.B3TE1313B,1,1
130,Macsv5.Device3.Group3.B3TE1314B,Macsv5.Device3.Group3.B3TE1314B,Macsv5.Device3.Group3.B3TE1314B,1,1
131,Macsv5.Device3.Group3.B3TE1315B,Macsv5.Device3.Group3.B3TE1315B,Macsv5.Device3.Group3.B3TE1315B,1,1
132,Macsv5.Device3.Group3.B3TE1316B,Macsv5.Device3.Group3.B3TE1316B,Macsv5.Device3.Group3.B3TE1316B,1,1
133,Macsv5.Device3.Group3.B3TE1317B,Macsv5.Device3.Group3.B3TE1317B,Macsv5.Device3.Group3.B3TE1317B,1,1
134,Macsv5.Device3.Group3.B3TE1611,Macsv5.Device3.Group3.B3TE1611,Macsv5.Device3.Group3.B3TE1611,1,1
135,Macsv5.Device3.Group3.B4PT1311A,Macsv5.Device3.Group3.B4PT1311A,Macsv5.Device3.Group3.B4PT1311A,1,1
136,Macsv5.Device3.Group3.B4PT1312A,Macsv5.Device3.Group3.B4PT1312A,Macsv5.Device3.Group3.B4PT1312A,1,1
137,Macsv5.Device3.Group3.B4PT1313A,Macsv5.Device3.Group3.B4PT1313A,Macsv5.Device3.Group3.B4PT1313A,1,1
138,Macsv5.Device3.Group3.B4PT1314A,Macsv5.Device3.Group3.B4PT1314A,Macsv5.Device3.Group3.B4PT1314A,1,1
139,Macsv5.Device3.Group3.B4PT1315A,Macsv5.Device3.Group3.B4PT1315A,Macsv5.Device3.Group3.B4PT1315A,1,1
140,Macsv5.Device3.Group3.B4PT1316A,Macsv5.Device3.Group3.B4PT1316A,Macsv5.Device3.Group3.B4PT1316A,1,1
141,Macsv5.Device3.Group3.B4PT1317A,Macsv5.Device3.Group3.B4PT1317A,Macsv5.Device3.Group3.B4PT1317A,1,1
142,Macsv5.Device3.Group3.B4PT1311B,Macsv5.Device3.Group3.B4PT1311B,Macsv5.Device3.Group3.B4PT1311B,1,1
143,Macsv5.Device3.Group3.B4PT1312B,Macsv5.Device3.Group3.B4PT1312B,Macsv5.Device3.Group3.B4PT1312B,1,1
144,Macsv5.Device3.Group3.B4PT1313B,Macsv5.Device3.Group3.B4PT1313B,Macsv5.Device3.Group3.B4PT1313B,1,1
145,Macsv5.Device3.Group3.B4PT1314B,Macsv5.Device3.Group3.B4PT1314B,Macsv5.Device3.Group3.B4PT1314B,1,1
146,Macsv5.Device3.Group3.B4PT1315B,Macsv5.Device3.Group3.B4PT1315B,Macsv5.Device3.Group3.B4PT1315B,1,1
147,Macsv5.Device3.Group3.B4PT1316B,Macsv5.Device3.Group3.B4PT1316B,Macsv5.Device3.Group3.B4PT1316B,1,1
148,Macsv5.Device3.Group3.B4PT1317B,Macsv5.Device3.Group3.B4PT1317B,Macsv5.Device3.Group3.B4PT1317B,1,1
149,Macsv5.Device3.Group3.B4FT1521,Macsv5.Device3.Group3.B4FT1521,Macsv5.Device3.Group3.B4FT1521,1,1
150,Macsv5.Device3.Group3.B4MF1031_CT,Macsv5.Device3.Group3.B4MF1031_CT,Macsv5.Device3.Group3.B4MF1031_CT,1,1
151,Macsv5.Device3.Group3.B4FT1522,Macsv5.Device3.Group3.B4FT1522,Macsv5.Device3.Group3.B4FT1522,1,1
152,Macsv5.Device3.Group3.B4PT1611,Macsv5.Device3.Group3.B4PT1611,Macsv5.Device3.Group3.B4PT1611,1,1
153,Macsv5.Device3.Group3.NET1318,Macsv5.Device3.Group3.NET1318,Macsv5.Device3.Group3.NET1318,1,1
154,Macsv5.Device3.Group3.B4CEMS_CO,Macsv5.Device3.Group3.B4CEMS_CO,Macsv5.Device3.Group3.B4CEMS_CO,1,1
155,Macsv5.Device3.Group3.B4ZQCHBY05,Macsv5.Device3.Group3.B4ZQCHBY05,Macsv5.Device3.Group3.B4ZQCHBY05,1,1
156,Macsv5.Device3.Group3.NET1319,Macsv5.Device3.Group3.NET1319,Macsv5.Device3.Group3.NET1319,1,1
157,Macsv5.Device3.Group3.NET1320,Macsv5.Device3.Group3.NET1320,Macsv5.Device3.Group3.NET1320,1,1
158,Macsv5.Device3.Group3.B4TE1491,Macsv5.Device3.Group3.B4TE1491,Macsv5.Device3.Group3.B4TE1491,1,1
159,Macsv5.Device3.Group3.B4TE1201A,Macsv5.Device3.Group3.B4TE1201A,Macsv5.Device3.Group3.B4TE1201A,1,1
160,Macsv5.Device3.Group3.B4TE1211A,Macsv5.Device3.Group3.B4TE1211A,Macsv5.Device3.Group3.B4TE1211A,1,1
161,Macsv5.Device3.Group3.B4TE1211C,Macsv5.Device3.Group3.B4TE1211C,Macsv5.Device3.Group3.B4TE1211C,1,1
162,Macsv5.Device3.Group3.B4TE1201B,Macsv5.Device3.Group3.B4TE1201B,Macsv5.Device3.Group3.B4TE1201B,1,1
163,Macsv5.Device3.Group3.B4TE1211B,Macsv5.Device3.Group3.B4TE1211B,Macsv5.Device3.Group3.B4TE1211B,1,1
164,Macsv5.Device3.Group3.B4TE1211D,Macsv5.Device3.Group3.B4TE1211D,Macsv5.Device3.Group3.B4TE1211D,1,1
165,Macsv5.Device3.Group3.B4TE1311A,Macsv5.Device3.Group3.B4TE1311A,Macsv5.Device3.Group3.B4TE1311A,1,1
166,Macsv5.Device3.Group3.B4TE1312A,Macsv5.Device3.Group3.B4TE1312A,Macsv5.Device3.Group3.B4TE1312A,1,1
167,Macsv5.Device3.Group3.B4TE1313A,Macsv5.Device3.Group3.B4TE1313A,Macsv5.Device3.Group3.B4TE1313A,1,1
168,Macsv5.Device3.Group3.B4TE1314A,Macsv5.Device3.Group3.B4TE1314A,Macsv5.Device3.Group3.B4TE1314A,1,1
169,Macsv5.Device3.Group3.B4TE1315A,Macsv5.Device3.Group3.B4TE1315A,Macsv5.Device3.Group3.B4TE1315A,1,1
170,Macsv5.Device3.Group3.B4TE1316A,Macsv5.Device3.Group3.B4TE1316A,Macsv5.Device3.Group3.B4TE1316A,1,1
171,Macsv5.Device3.Group3.B4TE1317A,Macsv5.Device3.Group3.B4TE1317A,Macsv5.Device3.Group3.B4TE1317A,1,1
172,Macsv5.Device3.Group3.B4TE1311B,Macsv5.Device3.Group3.B4TE1311B,Macsv5.Device3.Group3.B4TE1311B,1,1
173,Macsv5.Device3.Group3.B4TE1312B,Macsv5.Device3.Group3.B4TE1312B,Macsv5.Device3.Group3.B4TE1312B,1,1
174,Macsv5.Device3.Group3.B4TE1313B,Macsv5.Device3.Group3.B4TE1313B,Macsv5.Device3.Group3.B4TE1313B,1,1
175,Macsv5.Device3.Group3.B4TE1314B,Macsv5.Device3.Group3.B4TE1314B,Macsv5.Device3.Group3.B4TE1314B,1,1
176,Macsv5.Device3.Group3.B4TE1315B,Macsv5.Device3.Group3.B4TE1315B,Macsv5.Device3.Group3.B4TE1315B,1,1
177,Macsv5.Device3.Group3.B4TE1316B,Macsv5.Device3.Group3.B4TE1316B,Macsv5.Device3.Group3.B4TE1316B,1,1
178,Macsv5.Device3.Group3.B4TE1317B,Macsv5.Device3.Group3.B4TE1317B,Macsv5.Device3.Group3.B4TE1317B,1,1
179,Macsv5.Device3.Group3.B4TE1611,Macsv5.Device3.Group3.B4TE1611,Macsv5.Device3.Group3.B4TE1611,1,1
180,Macsv5.Device3.Group3.T1MS2311_CT,Macsv5.Device3.Group3.T1MS2311_CT,Macsv5.Device3.Group3.T1MS2311_CT,1,1
181,Macsv5.Device3.Group3.T1MS2312_CT,Macsv5.Device3.Group3.T1MS2312_CT,Macsv5.Device3.Group3.T1MS2312_CT,1,1
182,Macsv5.Device3.Group3.T1PT2281,Macsv5.Device3.Group3.T1PT2281,Macsv5.Device3.Group3.T1PT2281,1,1
183,Macsv5.Device3.Group3.T1PT2291,Macsv5.Device3.Group3.T1PT2291,Macsv5.Device3.Group3.T1PT2291,1,1
184,Macsv5.Device3.Group3.T1PT2361,Macsv5.Device3.Group3.T1PT2361,Macsv5.Device3.Group3.T1PT2361,1,1
185,Macsv5.Device3.Group3.T1TE2281,Macsv5.Device3.Group3.T1TE2281,Macsv5.Device3.Group3.T1TE2281,1,1
186,Macsv5.Device3.Group3.T1TE2291,Macsv5.Device3.Group3.T1TE2291,Macsv5.Device3.Group3.T1TE2291,1,1
187,Macsv5.Device3.Group3.T1TE2361,Macsv5.Device3.Group3.T1TE2361,Macsv5.Device3.Group3.T1TE2361,1,1
188,Macsv5.Device3.Group3.T2MS2311_CT,Macsv5.Device3.Group3.T2MS2311_CT,Macsv5.Device3.Group3.T2MS2311_CT,1,1
189,Macsv5.Device3.Group3.T2MS2312_CT,Macsv5.Device3.Group3.T2MS2312_CT,Macsv5.Device3.Group3.T2MS2312_CT,1,1
190,Macsv5.Device3.Group3.T2PT2281,Macsv5.Device3.Group3.T2PT2281,Macsv5.Device3.Group3.T2PT2281,1,1
191,Macsv5.Device3.Group3.T2PT2291,Macsv5.Device3.Group3.T2PT2291,Macsv5.Device3.Group3.T2PT2291,1,1
192,Macsv5.Device3.Group3.T2PT2361,Macsv5.Device3.Group3.T2PT2361,Macsv5.Device3.Group3.T2PT2361,1,1
193,Macsv5.Device3.Group3.T2TE2281,Macsv5.Device3.Group3.T2TE2281,Macsv5.Device3.Group3.T2TE2281,1,1
194,Macsv5.Device3.Group3.T2TE2291,Macsv5.Device3.Group3.T2TE2291,Macsv5.Device3.Group3.T2TE2291,1,1
195,Macsv5.Device3.Group3.T2TE2361,Macsv5.Device3.Group3.T2TE2361,Macsv5.Device3.Group3.T2TE2361,1,1
196,Macsv5.Device3.Group3.AM10MCS0206,Macsv5.Device3.Group3.AM10MCS0206,Macsv5.Device3.Group3.AM10MCS0206,1,1
197,Macsv5.Device3.Group3.AM11MCS0206,Macsv5.Device3.Group3.AM11MCS0206,Macsv5.Device3.Group3.AM11MCS0206,1,1
198,Macsv5.Device3.Group3.AM12MCS0206,Macsv5.Device3.Group3.AM12MCS0206,Macsv5.Device3.Group3.AM12MCS0206,1,1
199,Macsv5.Device3.Group3.AM15LL01,Macsv5.Device3.Group3.AM15LL01,Macsv5.Device3.Group3.AM15LL01,1,1
200,Macsv5.Device3.Group3.AM13MCS0206,Macsv5.Device3.Group3.AM13MCS0206,Macsv5.Device3.Group3.AM13MCS0206,1,1
201,Macsv5.Device3.Group3.B1MNAI004,Macsv5.Device3.Group3.B1MNAI004,Macsv5.Device3.Group3.B1MNAI004,1,1
202,Macsv5.Device3.Group3.B1MNAI020,Macsv5.Device3.Group3.B1MNAI020,Macsv5.Device3.Group3.B1MNAI020,1,1
203,Macsv5.Device3.Group3.B1MNAI021,Macsv5.Device3.Group3.B1MNAI021,Macsv5.Device3.Group3.B1MNAI021,1,1
204,Macsv5.Device3.Group3.B1MNAI022,Macsv5.Device3.Group3.B1MNAI022,Macsv5.Device3.Group3.B1MNAI022,1,1
205,Macsv5.Device3.Group3.B1MNAI033,Macsv5.Device3.Group3.B1MNAI033,Macsv5.Device3.Group3.B1MNAI033,1,1
206,Macsv5.Device3.Group3.B1MNAI034,Macsv5.Device3.Group3.B1MNAI034,Macsv5.Device3.Group3.B1MNAI034,1,1
207,Macsv5.Device3.Group3.B1MNAI035,Macsv5.Device3.Group3.B1MNAI035,Macsv5.Device3.Group3.B1MNAI035,1,1
208,Macsv5.Device3.Group3.B1MNAI036,Macsv5.Device3.Group3.B1MNAI036,Macsv5.Device3.Group3.B1MNAI036,1,1
209,Macsv5.Device3.Group3.B1MNAI037,Macsv5.Device3.Group3.B1MNAI037,Macsv5.Device3.Group3.B1MNAI037,1,1
210,Macsv5.Device3.Group3.B1MNAI038,Macsv5.Device3.Group3.B1MNAI038,Macsv5.Device3.Group3.B1MNAI038,1,1
211,Macsv5.Device3.Group3.B1MNAI047,Macsv5.Device3.Group3.B1MNAI047,Macsv5.Device3.Group3.B1MNAI047,1,1
212,Macsv5.Device3.Group3.B1MNAI066,Macsv5.Device3.Group3.B1MNAI066,Macsv5.Device3.Group3.B1MNAI066,1,1
213,Macsv5.Device3.Group3.B1MNAI067,Macsv5.Device3.Group3.B1MNAI067,Macsv5.Device3.Group3.B1MNAI067,1,1
214,Macsv5.Device3.Group3.B1MNAI068,Macsv5.Device3.Group3.B1MNAI068,Macsv5.Device3.Group3.B1MNAI068,1,1
215,Macsv5.Device3.Group3.B1MNAI069,Macsv5.Device3.Group3.B1MNAI069,Macsv5.Device3.Group3.B1MNAI069,1,1
216,Macsv5.Device3.Group3.B1MNAI070,Macsv5.Device3.Group3.B1MNAI070,Macsv5.Device3.Group3.B1MNAI070,1,1
217,Macsv5.Device3.Group3.B1MNAI077,Macsv5.Device3.Group3.B1MNAI077,Macsv5.Device3.Group3.B1MNAI077,1,1
218,Macsv5.Device3.Group3.B1MNAI093,Macsv5.Device3.Group3.B1MNAI093,Macsv5.Device3.Group3.B1MNAI093,1,1
219,Macsv5.Device3.Group3.B2MNAI004,Macsv5.Device3.Group3.B2MNAI004,Macsv5.Device3.Group3.B2MNAI004,1,1
220,Macsv5.Device3.Group3.B2MNAI020,Macsv5.Device3.Group3.B2MNAI020,Macsv5.Device3.Group3.B2MNAI020,1,1
221,Macsv5.Device3.Group3.B2MNAI021,Macsv5.Device3.Group3.B2MNAI021,Macsv5.Device3.Group3.B2MNAI021,1,1
222,Macsv5.Device3.Group3.B2MNAI022,Macsv5.Device3.Group3.B2MNAI022,Macsv5.Device3.Group3.B2MNAI022,1,1
223,Macsv5.Device3.Group3.B2MNAI033,Macsv5.Device3.Group3.B2MNAI033,Macsv5.Device3.Group3.B2MNAI033,1,1
224,Macsv5.Device3.Group3.B2MNAI034,Macsv5.Device3.Group3.B2MNAI034,Macsv5.Device3.Group3.B2MNAI034,1,1
225,Macsv5.Device3.Group3.B2MNAI035,Macsv5.Device3.Group3.B2MNAI035,Macsv5.Device3.Group3.B2MNAI035,1,1
226,Macsv5.Device3.Group3.B2MNAI036,Macsv5.Device3.Group3.B2MNAI036,Macsv5.Device3.Group3.B2MNAI036,1,1
227,Macsv5.Device3.Group3.B2MNAI037,Macsv5.Device3.Group3.B2MNAI037,Macsv5.Device3.Group3.B2MNAI037,1,1
228,Macsv5.Device3.Group3.B2MNAI038,Macsv5.Device3.Group3.B2MNAI038,Macsv5.Device3.Group3.B2MNAI038,1,1
229,Macsv5.Device3.Group3.B2MNAI047,Macsv5.Device3.Group3.B2MNAI047,Macsv5.Device3.Group3.B2MNAI047,1,1
230,Macsv5.Device3.Group3.B2MNAI066,Macsv5.Device3.Group3.B2MNAI066,Macsv5.Device3.Group3.B2MNAI066,1,1
231,Macsv5.Device3.Group3.B2MNAI067,Macsv5.Device3.Group3.B2MNAI067,Macsv5.Device3.Group3.B2MNAI067,1,1
232,Macsv5.Device3.Group3.B2MNAI068,Macsv5.Device3.Group3.B2MNAI068,Macsv5.Device3.Group3.B2MNAI068,1,1
233,Macsv5.Device3.Group3.B2MNAI069,Macsv5.Device3.Group3.B2MNAI069,Macsv5.Device3.Group3.B2MNAI069,1,1
234,Macsv5.Device3.Group3.B2MNAI070,Macsv5.Device3.Group3.B2MNAI070,Macsv5.Device3.Group3.B2MNAI070,1,1
235,Macsv5.Device3.Group3.B2MNAI077,Macsv5.Device3.Group3.B2MNAI077,Macsv5.Device3.Group3.B2MNAI077,1,1
236,Macsv5.Device3.Group3.B2MNAI093,Macsv5.Device3.Group3.B2MNAI093,Macsv5.Device3.Group3.B2MNAI093,1,1
237,Macsv5.Device3.Group3.B3MNAI004,Macsv5.Device3.Group3.B3MNAI004,Macsv5.Device3.Group3.B3MNAI004,1,1
238,Macsv5.Device3.Group3.B3MNAI020,Macsv5.Device3.Group3.B3MNAI020,Macsv5.Device3.Group3.B3MNAI020,1,1
239,Macsv5.Device3.Group3.B3MNAI021,Macsv5.Device3.Group3.B3MNAI021,Macsv5.Device3.Group3.B3MNAI021,1,1
240,Macsv5.Device3.Group3.B3MNAI022,Macsv5.Device3.Group3.B3MNAI022,Macsv5.Device3.Group3.B3MNAI022,1,1
241,Macsv5.Device3.Group3.B3MNAI033,Macsv5.Device3.Group3.B3MNAI033,Macsv5.Device3.Group3.B3MNAI033,1,1
242,Macsv5.Device3.Group3.B3MNAI034,Macsv5.Device3.Group3.B3MNAI034,Macsv5.Device3.Group3.B3MNAI034,1,1
243,Macsv5.Device3.Group3.B3MNAI035,Macsv5.Device3.Group3.B3MNAI035,Macsv5.Device3.Group3.B3MNAI035,1,1
244,Macsv5.Device3.Group3.B3MNAI036,Macsv5.Device3.Group3.B3MNAI036,Macsv5.Device3.Group3.B3MNAI036,1,1
245,Macsv5.Device3.Group3.B3MNAI037,Macsv5.Device3.Group3.B3MNAI037,Macsv5.Device3.Group3.B3MNAI037,1,1
246,Macsv5.Device3.Group3.B3MNAI038,Macsv5.Device3.Group3.B3MNAI038,Macsv5.Device3.Group3.B3MNAI038,1,1
247,Macsv5.Device3.Group3.B3MNAI047,Macsv5.Device3.Group3.B3MNAI047,Macsv5.Device3.Group3.B3MNAI047,1,1
248,Macsv5.Device3.Group3.B3MNAI066,Macsv5.Device3.Group3.B3MNAI066,Macsv5.Device3.Group3.B3MNAI066,1,1
249,Macsv5.Device3.Group3.B3MNAI067,Macsv5.Device3.Group3.B3MNAI067,Macsv5.Device3.Group3.B3MNAI067,1,1
250,Macsv5.Device3.Group3.B3MNAI068,Macsv5.Device3.Group3.B3MNAI068,Macsv5.Device3.Group3.B3MNAI068,1,1
251,Macsv5.Device3.Group3.B3MNAI069,Macsv5.Device3.Group3.B3MNAI069,Macsv5.Device3.Group3.B3MNAI069,1,1
252,Macsv5.Device3.Group3.B3MNAI070,Macsv5.Device3.Group3.B3MNAI070,Macsv5.Device3.Group3.B3MNAI070,1,1
253,Macsv5.Device3.Group3.B3MNAI077,Macsv5.Device3.Group3.B3MNAI077,Macsv5.Device3.Group3.B3MNAI077,1,1
254,Macsv5.Device3.Group3.B3MNAI093,Macsv5.Device3.Group3.B3MNAI093,Macsv5.Device3.Group3.B3MNAI093,1,1
255,Macsv5.Device3.Group3.B4MNAI004,Macsv5.Device3.Group3.B4MNAI004,Macsv5.Device3.Group3.B4MNAI004,1,1
256,Macsv5.Device3.Group3.B4MNAI020,Macsv5.Device3.Group3.B4MNAI020,Macsv5.Device3.Group3.B4MNAI020,1,1
257,Macsv5.Device3.Group3.B4MNAI021,Macsv5.Device3.Group3.B4MNAI021,Macsv5.Device3.Group3.B4MNAI021,1,1
258,Macsv5.Device3.Group3.B4MNAI022,Macsv5.Device3.Group3.B4MNAI022,Macsv5.Device3.Group3.B4MNAI022,1,1
259,Macsv5.Device3.Group3.B4MNAI033,Macsv5.Device3.Group3.B4MNAI033,Macsv5.Device3.Group3.B4MNAI033,1,1
260,Macsv5.Device3.Group3.B4MNAI034,Macsv5.Device3.Group3.B4MNAI034,Macsv5.Device3.Group3.B4MNAI034,1,1
261,Macsv5.Device3.Group3.B4MNAI035,Macsv5.Device3.Group3.B4MNAI035,Macsv5.Device3.Group3.B4MNAI035,1,1
262,Macsv5.Device3.Group3.B4MNAI036,Macsv5.Device3.Group3.B4MNAI036,Macsv5.Device3.Group3.B4MNAI036,1,1
263,Macsv5.Device3.Group3.B4MNAI037,Macsv5.Device3.Group3.B4MNAI037,Macsv5.Device3.Group3.B4MNAI037,1,1
264,Macsv5.Device3.Group3.B4MNAI038,Macsv5.Device3.Group3.B4MNAI038,Macsv5.Device3.Group3.B4MNAI038,1,1
265,Macsv5.Device3.Group3.B4MNAI047,Macsv5.Device3.Group3.B4MNAI047,Macsv5.Device3.Group3.B4MNAI047,1,1
266,Macsv5.Device3.Group3.B4MNAI066,Macsv5.Device3.Group3.B4MNAI066,Macsv5.Device3.Group3.B4MNAI066,1,1
267,Macsv5.Device3.Group3.B4MNAI067,Macsv5.Device3.Group3.B4MNAI067,Macsv5.Device3.Group3.B4MNAI067,1,1
268,Macsv5.Device3.Group3.B4MNAI068,Macsv5.Device3.Group3.B4MNAI068,Macsv5.Device3.Group3.B4MNAI068,1,1
269,Macsv5.Device3.Group3.B4MNAI069,Macsv5.Device3.Group3.B4MNAI069,Macsv5.Device3.Group3.B4MNAI069,1,1
270,Macsv5.Device3.Group3.B4MNAI070,Macsv5.Device3.Group3.B4MNAI070,Macsv5.Device3.Group3.B4MNAI070,1,1
271,Macsv5.Device3.Group3.B4MNAI077,Macsv5.Device3.Group3.B4MNAI077,Macsv5.Device3.Group3.B4MNAI077,1,1
272,Macsv5.Device3.Group3.B4MNAI093,Macsv5.Device3.Group3.B4MNAI093,Macsv5.Device3.Group3.B4MNAI093,1,1
273,Macsv5.Device3.Group3.B1YQWD07,Macsv5.Device3.Group3.B1YQWD07,Macsv5.Device3.Group3.B1YQWD07,1,1
274,Macsv5.Device3.Group3.B1YQWD08,Macsv5.Device3.Group3.B1YQWD08,Macsv5.Device3.Group3.B1YQWD08,1,1
275,Macsv5.Device3.Group3.B1YQWD09,Macsv5.Device3.Group3.B1YQWD09,Macsv5.Device3.Group3.B1YQWD09,1,1
276,Macsv5.Device3.Group3.B1YQWD10,Macsv5.Device3.Group3.B1YQWD10,Macsv5.Device3.Group3.B1YQWD10,1,1
277,Macsv5.Device3.Group3.B1YQWD11,Macsv5.Device3.Group3.B1YQWD11,Macsv5.Device3.Group3.B1YQWD11,1,1
278,Macsv5.Device3.Group3.B1YQWD12,Macsv5.Device3.Group3.B1YQWD12,Macsv5.Device3.Group3.B1YQWD12,1,1
279,Macsv5.Device3.Group3.B1YQWD14,Macsv5.Device3.Group3.B1YQWD14,Macsv5.Device3.Group3.B1YQWD14,1,1
280,Macsv5.Device3.Group3.B2YQWD07,Macsv5.Device3.Group3.B2YQWD07,Macsv5.Device3.Group3.B2YQWD07,1,1
281,Macsv5.Device3.Group3.B2YQWD08,Macsv5.Device3.Group3.B2YQWD08,Macsv5.Device3.Group3.B2YQWD08,1,1
282,Macsv5.Device3.Group3.B2YQWD09,Macsv5.Device3.Group3.B2YQWD09,Macsv5.Device3.Group3.B2YQWD09,1,1
283,Macsv5.Device3.Group3.B2YQWD10,Macsv5.Device3.Group3.B2YQWD10,Macsv5.Device3.Group3.B2YQWD10,1,1
284,Macsv5.Device3.Group3.B2YQWD11,Macsv5.Device3.Group3.B2YQWD11,Macsv5.Device3.Group3.B2YQWD11,1,1
285,Macsv5.Device3.Group3.B2YQWD12,Macsv5.Device3.Group3.B2YQWD12,Macsv5.Device3.Group3.B2YQWD12,1,1
286,Macsv5.Device3.Group3.B2YQWD14,Macsv5.Device3.Group3.B2YQWD14,Macsv5.Device3.Group3.B2YQWD14,1,1
287,Macsv5.Device3.Group3.B3YQWD14,Macsv5.Device3.Group3.B3YQWD14,Macsv5.Device3.Group3.B3YQWD14,1,1
288,Macsv5.Device3.Group3.B4YQWD14,Macsv5.Device3.Group3.B4YQWD14,Macsv5.Device3.Group3.B4YQWD14,1,1
289,Macsv5.Device3.Group3.GFAI006,Macsv5.Device3.Group3.GFAI006,Macsv5.Device3.Group3.GFAI006,1,1
290,Macsv5.Device3.Group3.GFAI007,Macsv5.Device3.Group3.GFAI007,Macsv5.Device3.Group3.GFAI007,1,1
291,Macsv5.Device3.Group3.GFAI008,Macsv5.Device3.Group3.GFAI008,Macsv5.Device3.Group3.GFAI008,1,1
292,Macsv5.Device3.Group3.GFAI009,Macsv5.Device3.Group3.GFAI009,Macsv5.Device3.Group3.GFAI009,1,1
293,Macsv5.Device3.Group3.GFAI018,Macsv5.Device3.Group3.GFAI018,Macsv5.Device3.Group3.GFAI018,1,1
294,Macsv5.Device3.Group3.AM14BY001,Macsv5.Device3.Group3.AM14BY001,Macsv5.Device3.Group3.AM14BY001,1,1
295,Macsv5.Device3.Group3.AM14BY002,Macsv5.Device3.Group3.AM14BY002,Macsv5.Device3.Group3.AM14BY002,1,1
296,Macsv5.Device3.Group3.AM14BY003,Macsv5.Device3.Group3.AM14BY003,Macsv5.Device3.Group3.AM14BY003,1,1
297,Macsv5.Device3.Group3.AM14BY004,Macsv5.Device3.Group3.AM14BY004,Macsv5.Device3.Group3.AM14BY004,1,1
298,Macsv5.Device3.Group3.AM14BY005,Macsv5.Device3.Group3.AM14BY005,Macsv5.Device3.Group3.AM14BY005,1,1
299,Macsv5.Device3.Group3.AM15BY001,Macsv5.Device3.Group3.AM15BY001,Macsv5.Device3.Group3.AM15BY001,1,1
300,Macsv5.Device3.Group3.AM15BY002,Macsv5.Device3.Group3.AM15BY002,Macsv5.Device3.Group3.AM15BY002,1,1
301,Macsv5.Device3.Group3.AM15BY003,Macsv5.Device3.Group3.AM15BY003,Macsv5.Device3.Group3.AM15BY003,1,1
302,Macsv5.Device3.Group3.AM15BY004,Macsv5.Device3.Group3.AM15BY004,Macsv5.Device3.Group3.AM15BY004,1,1
303,Macsv5.Device3.Group3.AM15BY005,Macsv5.Device3.Group3.AM15BY005,Macsv5.Device3.Group3.AM15BY005,1,1
304,Macsv5.Device3.Group3.DEHAI004,Macsv5.Device3.Group3.DEHAI004,Macsv5.Device3.Group3.DEHAI004,1,1
305,Macsv5.Device3.Group3.DEHAI005,Macsv5.Device3.Group3.DEHAI005,Macsv5.Device3.Group3.DEHAI005,1,1
306,Macsv5.Device3.Group3.DEHAI304,Macsv5.Device3.Group3.DEHAI304,Macsv5.Device3.Group3.DEHAI304,1,1
307,Macsv5.Device3.Group3.DEHAI305,Macsv5.Device3.Group3.DEHAI305,Macsv5.Device3.Group3.DEHAI305,1,1
308,Macsv5.Device3.Group3.AMDMG004,Macsv5.Device3.Group3.AMDMG004,Macsv5.Device3.Group3.AMDMG004,1,1
309,Macsv5.Device3.Group3.AMDMG005,Macsv5.Device3.Group3.AMDMG005,Macsv5.Device3.Group3.AMDMG005,1,1
310,Macsv5.Device3.Group3.AMDMG006,Macsv5.Device3.Group3.AMDMG006,Macsv5.Device3.Group3.AMDMG006,1,1
311,Macsv5.Device3.Group3.AMDMG007,Macsv5.Device3.Group3.AMDMG007,Macsv5.Device3.Group3.AMDMG007,1,1
312,Macsv5.Device3.Group3.AM10LJ01,Macsv5.Device3.Group3.AM10LJ01,Macsv5.Device3.Group3.AM10LJ01,1,1
313,Macsv5.Device3.Group3.AM11LJ01,Macsv5.Device3.Group3.AM11LJ01,Macsv5.Device3.Group3.AM11LJ01,1,1
314,Macsv5.Device3.Group3.AM12LJ01,Macsv5.Device3.Group3.AM12LJ01,Macsv5.Device3.Group3.AM12LJ01,1,1
315,Macsv5.Device3.Group3.AM13LJ01,Macsv5.Device3.Group3.AM13LJ01,Macsv5.Device3.Group3.AM13LJ01,1,1
316,Macsv5.Device3.Group3.AM10LJ02,Macsv5.Device3.Group3.AM10LJ02,Macsv5.Device3.Group3.AM10LJ02,1,1
317,Macsv5.Device3.Group3.AM11LJ02,Macsv5.Device3.Group3.AM11LJ02,Macsv5.Device3.Group3.AM11LJ02,1,1
318,Macsv5.Device3.Group3.AM12LJ02,Macsv5.Device3.Group3.AM12LJ02,Macsv5.Device3.Group3.AM12LJ02,1,1
319,Macsv5.Device3.Group3.AM13LJ02,Macsv5.Device3.Group3.AM13LJ02,Macsv5.Device3.Group3.AM13LJ02,1,1
320,Macsv5.Device3.Group3.B1TE1511,Macsv5.Device3.Group3.B1TE1511,Macsv5.Device3.Group3.B1TE1511,1,1
321,Macsv5.Device3.Group3.B2TE1511,Macsv5.Device3.Group3.B2TE1511,Macsv5.Device3.Group3.B2TE1511,1,1
322,Macsv5.Device3.Group3.B3TE1511,Macsv5.Device3.Group3.B3TE1511,Macsv5.Device3.Group3.B3TE1511,1,1
323,Macsv5.Device3.Group3.B4TE1511,Macsv5.Device3.Group3.B4TE1511,Macsv5.Device3.Group3.B4TE1511,1,1
324,Macsv5.Device3.Group3.B1MNAI007,Macsv5.Device3.Group3.B1MNAI007,Macsv5.Device3.Group3.B1MNAI007,1,1
325,Macsv5.Device3.Group3.B2MNAI007,Macsv5.Device3.Group3.B2MNAI007,Macsv5.Device3.Group3.B2MNAI007,1,1
326,Macsv5.Device3.Group3.B3MNAI007,Macsv5.Device3.Group3.B3MNAI007,Macsv5.Device3.Group3.B3MNAI007,1,1
327,Macsv5.Device3.Group3.B4MNAI007,Macsv5.Device3.Group3.B4MNAI007,Macsv5.Device3.Group3.B4MNAI007,1,1
328,Macsv5.Device3.Group3.AM14ZQQ,Macsv5.Device3.Group3.AM14ZQQ,Macsv5.Device3.Group3.AM14ZQQ,1,1
329,Macsv5.Device3.Group3.AM15ZQQ,Macsv5.Device3.Group3.AM15ZQQ,Macsv5.Device3.Group3.AM15ZQQ,1,1
330,Macsv5.Device3.Group3.T1TE2011,Macsv5.Device3.Group3.T1TE2011,Macsv5.Device3.Group3.T1TE2011,1,1
331,Macsv5.Device3.Group3.T2TE2011,Macsv5.Device3.Group3.T2TE2011,Macsv5.Device3.Group3.T2TE2011,1,1
332,Macsv5.Device3.Group3.T1PT2011,Macsv5.Device3.Group3.T1PT2011,Macsv5.Device3.Group3.T1PT2011,1,1
333,Macsv5.Device3.Group3.T2PT2011,Macsv5.Device3.Group3.T2PT2011,Macsv5.Device3.Group3.T2PT2011,1,1
334,Macsv5.Device3.Group3.AMGYYQAI07,Macsv5.Device3.Group3.AMGYYQAI07,Macsv5.Device3.Group3.AMGYYQAI07,1,1
335,Macsv5.Device3.Group3.SCRAI68Q,Macsv5.Device3.Group3.SCRAI68Q,Macsv5.Device3.Group3.SCRAI68Q,1,1
336,Macsv5.Device3.Group3.DMCS003,Macsv5.Device3.Group3.DMCS003,Macsv5.Device3.Group3.DMCS003,1,1
337,Macsv5.Device3.Group3.DMCS2003,Macsv5.Device3.Group3.DMCS2003,Macsv5.Device3.Group3.DMCS2003,1,1
338,Macsv5.Device3.Group3.DMCS30013,Macsv5.Device3.Group3.DMCS30013,Macsv5.Device3.Group3.DMCS30013,1,1
339,Macsv5.Device3.Group3.DMCS4003,Macsv5.Device3.Group3.DMCS4003,Macsv5.Device3.Group3.DMCS4003,1,1
340,Macsv5.Device3.Group3.DMCS004,Macsv5.Device3.Group3.DMCS004,Macsv5.Device3.Group3.DMCS004,1,1
341,Macsv5.Device3.Group3.DMCS2004,Macsv5.Device3.Group3.DMCS2004,Macsv5.Device3.Group3.DMCS2004,1,1
342,Macsv5.Device3.Group3.DMCS30014,Macsv5.Device3.Group3.DMCS30014,Macsv5.Device3.Group3.DMCS30014,1,1
343,Macsv5.Device3.Group3.DMCS4004,Macsv5.Device3.Group3.DMCS4004,Macsv5.Device3.Group3.DMCS4004,1,1
344,Macsv5.Device3.Group3.DMCS005,Macsv5.Device3.Group3.DMCS005,Macsv5.Device3.Group3.DMCS005,1,1
345,Macsv5.Device3.Group3.DMCS2005,Macsv5.Device3.Group3.DMCS2005,Macsv5.Device3.Group3.DMCS2005,1,1
346,Macsv5.Device3.Group3.DMCS30015,Macsv5.Device3.Group3.DMCS30015,Macsv5.Device3.Group3.DMCS30015,1,1
347,Macsv5.Device3.Group3.DMCS4005,Macsv5.Device3.Group3.DMCS4005,Macsv5.Device3.Group3.DMCS4005,1,1
348,Macsv5.Device3.Group3.DMCS006,Macsv5.Device3.Group3.DMCS006,Macsv5.Device3.Group3.DMCS006,1,1
349,Macsv5.Device3.Group3.DMCS2006,Macsv5.Device3.Group3.DMCS2006,Macsv5.Device3.Group3.DMCS2006,1,1
350,Macsv5.Device3.Group3.DMCS30016,Macsv5.Device3.Group3.DMCS30016,Macsv5.Device3.Group3.DMCS30016,1,1
351,Macsv5.Device3.Group3.DMCS4006,Macsv5.Device3.Group3.DMCS4006,Macsv5.Device3.Group3.DMCS4006,1,1
352,Macsv5.Device3.Group3.DMCS007,Macsv5.Device3.Group3.DMCS007,Macsv5.Device3.Group3.DMCS007,1,1
353,Macsv5.Device3.Group3.DMCS2007,Macsv5.Device3.Group3.DMCS2007,Macsv5.Device3.Group3.DMCS2007,1,1
354,Macsv5.Device3.Group3.DMCS30017,Macsv5.Device3.Group3.DMCS30017,Macsv5.Device3.Group3.DMCS30017,1,1
355,Macsv5.Device3.Group3.DMCS4007,Macsv5.Device3.Group3.DMCS4007,Macsv5.Device3.Group3.DMCS4007,1,1
356,Macsv5.Device3.Group3.DMCS008,Macsv5.Device3.Group3.DMCS008,Macsv5.Device3.Group3.DMCS008,1,1
357,Macsv5.Device3.Group3.DMCS2008,Macsv5.Device3.Group3.DMCS2008,Macsv5.Device3.Group3.DMCS2008,1,1
358,Macsv5.Device3.Group3.DMCS30018,Macsv5.Device3.Group3.DMCS30018,Macsv5.Device3.Group3.DMCS30018,1,1
359,Macsv5.Device3.Group3.DMCS4008,Macsv5.Device3.Group3.DMCS4008,Macsv5.Device3.Group3.DMCS4008,1,1
360,Macsv5.Device3.Group3.DMCS009,Macsv5.Device3.Group3.DMCS009,Macsv5.Device3.Group3.DMCS009,1,1
361,Macsv5.Device3.Group3.DMCS2009,Macsv5.Device3.Group3.DMCS2009,Macsv5.Device3.Group3.DMCS2009,1,1
362,Macsv5.Device3.Group3.DMCS30019,Macsv5.Device3.Group3.DMCS30019,Macsv5.Device3.Group3.DMCS30019,1,1
363,Macsv5.Device3.Group3.DMCS4009,Macsv5.Device3.Group3.DMCS4009,Macsv5.Device3.Group3.DMCS4009,1,1
364,Macsv5.Device3.Group3.DMCS001,Macsv5.Device3.Group3.DMCS001,Macsv5.Device3.Group3.DMCS001,1,1
365,Macsv5.Device3.Group3.DMCS2001,Macsv5.Device3.Group3.DMCS2001,Macsv5.Device3.Group3.DMCS2001,1,1
366,Macsv5.Device3.Group3.DMCS3001,Macsv5.Device3.Group3.DMCS3001,Macsv5.Device3.Group3.DMCS3001,1,1
367,Macsv5.Device3.Group3.DMCS4001,Macsv5.Device3.Group3.DMCS4001,Macsv5.Device3.Group3.DMCS4001,1,1
368,Macsv5.Device3.Group3.DMCS002,Macsv5.Device3.Group3.DMCS002,Macsv5.Device3.Group3.DMCS002,1,1
369,Macsv5.Device3.Group3.DMCS2002,Macsv5.Device3.Group3.DMCS2002,Macsv5.Device3.Group3.DMCS2002,1,1
370,Macsv5.Device3.Group3.DMCS30012,Macsv5.Device3.Group3.DMCS30012,Macsv5.Device3.Group3.DMCS30012,1,1
371,Macsv5.Device3.Group3.DMCS4002,Macsv5.Device3.Group3.DMCS4002,Macsv5.Device3.Group3.DMCS4002,1,1
372,Macsv5.Device3.Group3.DMCS001A,Macsv5.Device3.Group3.DMCS001A,Macsv5.Device3.Group3.DMCS001A,1,1
373,Macsv5.Device3.Group3.DMCS20011,Macsv5.Device3.Group3.DMCS20011,Macsv5.Device3.Group3.DMCS20011,1,1
374,Macsv5.Device3.Group3.DMCS30011,Macsv5.Device3.Group3.DMCS30011,Macsv5.Device3.Group3.DMCS30011,1,1
375,Macsv5.Device3.Group3.DMCS4005,Macsv5.Device3.Group3.DMCS4005,Macsv5.Device3.Group3.DMCS4005,1,1
376,Macsv5.Device3.Group3.DMCS5001,Macsv5.Device3.Group3.DMCS5001,Macsv5.Device3.Group3.DMCS5001,1,1
377,Macsv5.Device3.Group3.DMCS6001,Macsv5.Device3.Group3.DMCS6001,Macsv5.Device3.Group3.DMCS6001,1,1
378,Macsv5.Device3.Group3.DMCS50012,Macsv5.Device3.Group3.DMCS50012,Macsv5.Device3.Group3.DMCS50012,1,1
379,Macsv5.Device3.Group3.DMCS60012,Macsv5.Device3.Group3.DMCS60012,Macsv5.Device3.Group3.DMCS60012,1,1
380,Macsv5.Device3.Group3.DMCS7001,Macsv5.Device3.Group3.DMCS7001,Macsv5.Device3.Group3.DMCS7001,1,1
381,Macsv5.Device3.Group3.DMCS70012,Macsv5.Device3.Group3.DMCS70012,Macsv5.Device3.Group3.DMCS70012,1,1
382,Macsv5.Device3.Group3.B1ZQCHAO05R,Macsv5.Device3.Group3.B1ZQCHAO05R,Macsv5.Device3.Group3.B1ZQCHAO05R,1,1
383,Macsv5.Device3.Group3.B2ZQCHBY01,Macsv5.Device3.Group3.B2ZQCHBY01,Macsv5.Device3.Group3.B2ZQCHBY01,1,1
384,Macsv5.Device3.Group3.B3ZQCHBY01,Macsv5.Device3.Group3.B3ZQCHBY01,Macsv5.Device3.Group3.B3ZQCHBY01,1,1
385,Macsv5.Device3.Group3.B4ZQCHBY01,Macsv5.Device3.Group3.B4ZQCHBY01,Macsv5.Device3.Group3.B4ZQCHBY01,1,1
386,Macsv5.Device3.Group3.B1ZQCHAO03R,Macsv5.Device3.Group3.B1ZQCHAO03R,Macsv5.Device3.Group3.B1ZQCHAO03R,1,1
387,Macsv5.Device3.Group3.B2ZQCHBY02,Macsv5.Device3.Group3.B2ZQCHBY02,Macsv5.Device3.Group3.B2ZQCHBY02,1,1
388,Macsv5.Device3.Group3.B3ZQCHBY02,Macsv5.Device3.Group3.B3ZQCHBY02,Macsv5.Device3.Group3.B3ZQCHBY02,1,1
389,Macsv5.Device3.Group3.B4ZQCHBY02,Macsv5.Device3.Group3.B4ZQCHBY02,Macsv5.Device3.Group3.B4ZQCHBY02,1,1
390,Macsv5.Device3.Group3.B1CEMS_HF,Macsv5.Device3.Group3.B1CEMS_HF,Macsv5.Device3.Group3.B1CEMS_HF,1,1
391,Macsv5.Device3.Group3.B2CEMS_HF,Macsv5.Device3.Group3.B2CEMS_HF,Macsv5.Device3.Group3.B2CEMS_HF,1,1
392,Macsv5.Device3.Group3.B3CEMS_HF,Macsv5.Device3.Group3.B3CEMS_HF,Macsv5.Device3.Group3.B3CEMS_HF,1,1
393,Macsv5.Device3.Group3.B4CEMS_HF,Macsv5.Device3.Group3.B4CEMS_HF,Macsv5.Device3.Group3.B4CEMS_HF,1,1
394,Macsv5.Device3.Group3.B1_DUTYZSJ,Macsv5.Device3.Group3.B1_DUTYZSJ,Macsv5.Device3.Group3.B1_DUTYZSJ,1,1
395,Macsv5.Device3.Group3.B2_DUTYZSJ,Macsv5.Device3.Group3.B2_DUTYZSJ,Macsv5.Device3.Group3.B2_DUTYZSJ,1,1
396,Macsv5.Device3.Group3.B3_DUTYZSJ,Macsv5.Device3.Group3.B3_DUTYZSJ,Macsv5.Device3.Group3.B3_DUTYZSJ,1,1
397,Macsv5.Device3.Group3.B4_DUTYZSJ,Macsv5.Device3.Group3.B4_DUTYZSJ,Macsv5.Device3.Group3.B4_DUTYZSJ,1,1
398,Macsv5.Device3.Group3.B1_HCLZSJ,Macsv5.Device3.Group3.B1_HCLZSJ,Macsv5.Device3.Group3.B1_HCLZSJ,1,1
399,Macsv5.Device3.Group3.B2_HCLZSJ,Macsv5.Device3.Group3.B2_HCLZSJ,Macsv5.Device3.Group3.B2_HCLZSJ,1,1
400,Macsv5.Device3.Group3.B3_HCLZSJ,Macsv5.Device3.Group3.B3_HCLZSJ,Macsv5.Device3.Group3.B3_HCLZSJ,1,1
401,Macsv5.Device3.Group3.B4_HCLZSJ,Macsv5.Device3.Group3.B4_HCLZSJ,Macsv5.Device3.Group3.B4_HCLZSJ,1,1
402,Macsv5.Device3.Group3.B1_COZSJ,Macsv5.Device3.Group3.B1_COZSJ,Macsv5.Device3.Group3.B1_COZSJ,1,1
403,Macsv5.Device3.Group3.B2_COZSJ,Macsv5.Device3.Group3.B2_COZSJ,Macsv5.Device3.Group3.B2_COZSJ,1,1
404,Macsv5.Device3.Group3.B3_COZSJ,Macsv5.Device3.Group3.B3_COZSJ,Macsv5.Device3.Group3.B3_COZSJ,1,1
405,Macsv5.Device3.Group3.B4_COZSJ,Macsv5.Device3.Group3.B4_COZSJ,Macsv5.Device3.Group3.B4_COZSJ,1,1
406,Macsv5.Device3.Group3.B1_SO2ZSJ,Macsv5.Device3.Group3.B1_SO2ZSJ,Macsv5.Device3.Group3.B1_SO2ZSJ,1,1
407,Macsv5.Device3.Group3.B2_SO2ZSJ,Macsv5.Device3.Group3.B2_SO2ZSJ,Macsv5.Device3.Group3.B2_SO2ZSJ,1,1
408,Macsv5.Device3.Group3.B3_SO2ZSJ,Macsv5.Device3.Group3.B3_SO2ZSJ,Macsv5.Device3.Group3.B3_SO2ZSJ,1,1
409,Macsv5.Device3.Group3.B4_SO2ZSJ,Macsv5.Device3.Group3.B4_SO2ZSJ,Macsv5.Device3.Group3.B4_SO2ZSJ,1,1
410,Macsv5.Device3.Group3.B1_NOxZSJ,Macsv5.Device3.Group3.B1_NOxZSJ,Macsv5.Device3.Group3.B1_NOxZSJ,1,1
411,Macsv5.Device3.Group3.B2_NOxZSJ,Macsv5.Device3.Group3.B2_NOxZSJ,Macsv5.Device3.Group3.B2_NOxZSJ,1,1
412,Macsv5.Device3.Group3.B3_NOxZSJ,Macsv5.Device3.Group3.B3_NOxZSJ,Macsv5.Device3.Group3.B3_NOxZSJ,1,1
413,Macsv5.Device3.Group3.B4_NOxZSJ,Macsv5.Device3.Group3.B4_NOxZSJ,Macsv5.Device3.Group3.B4_NOxZSJ,1,1
414,Macsv5.Device3.Group3.B1_HFZSJ,Macsv5.Device3.Group3.B1_HFZSJ,Macsv5.Device3.Group3.B1_HFZSJ,1,1
415,Macsv5.Device3.Group3.B2_HFZSJ,Macsv5.Device3.Group3.B2_HFZSJ,Macsv5.Device3.Group3.B2_HFZSJ,1,1
416,Macsv5.Device3.Group3.B3_HFZSJ,Macsv5.Device3.Group3.B3_HFZSJ,Macsv5.Device3.Group3.B3_HFZSJ,1,1
417,Macsv5.Device3.Group3.B4_HFZSJ,Macsv5.Device3.Group3.B4_HFZSJ,Macsv5.Device3.Group3.B4_HFZSJ,1,1
