1,10kV Iĸ���û�·I~WDH-821A~ң��~�����޹����,10kV Iĸ���û�·I~WDH-821A~ң��~�����޹����,10kV Iĸ���û�·I~WDH-821A~ң��~�����޹����,1,1
2,10kV Iĸ���û�·I~WDH-821A~ң��~�����й����,10kV Iĸ���û�·I~WDH-821A~ң��~�����й����,10kV Iĸ���û�·I~WDH-821A~ң��~�����й����,1,1
3,10kV Iĸ���û�·I~WDH-821A~ң��~�����й����,10kV Iĸ���û�·I~WDH-821A~ң��~�����й����,10kV Iĸ���û�·I~WDH-821A~ң��~�����й����,1,1
4,10kV Iĸ���û�·I~WDH-821A~ң��~�����޹����,10kV Iĸ���û�·I~WDH-821A~ң��~�����޹����,10kV Iĸ���û�·I~WDH-821A~ң��~�����޹����,1,1
5,10kV Iĸ���û�·I~WDH-821A~ң��~�ӵص���λ,10kV Iĸ���û�·I~WDH-821A~ң��~�ӵص���λ,10kV Iĸ���û�·I~WDH-821A~ң��~�ӵص���λ,1,1
6,10kV Iĸ���û�·I~WDH-821A~ң��~��λ,10kV Iĸ���û�·I~WDH-821A~ң��~��λ,10kV Iĸ���û�·I~WDH-821A~ң��~��λ,1,1
7,10kV Iĸ���û�·I~WDH-821A~ң��~��λ,10kV Iĸ���û�·I~WDH-821A~ң��~��λ,10kV Iĸ���û�·I~WDH-821A~ң��~��λ,1,1
8,10kV Iĸ���û�·I~WDH-821A~ң��~�ֳ�����λ��,10kV Iĸ���û�·I~WDH-821A~ң��~�ֳ�����λ��,10kV Iĸ���û�·I~WDH-821A~ң��~�ֳ�����λ��,1,1
9,10kV Iĸ���û�·I~WDH-821A~ң��~�ֳ�����λ��,10kV Iĸ���û�·I~WDH-821A~ң��~�ֳ�����λ��,10kV Iĸ���û�·I~WDH-821A~ң��~�ֳ�����λ��,1,1
10,10kV Iĸ���û�·I~WDH-821A~ң��~COS,10kV Iĸ���û�·I~WDH-821A~ң��~COS,10kV Iĸ���û�·I~WDH-821A~ң��~COS,1,1
11,10kV Iĸ���û�·I~WDH-821A~ң��~Q,10kV Iĸ���û�·I~WDH-821A~ң��~Q,10kV Iĸ���û�·I~WDH-821A~ң��~Q,1,1
12,10kV Iĸ���û�·I~WDH-821A~ң��~P,10kV Iĸ���û�·I~WDH-821A~ң��~P,10kV Iĸ���û�·I~WDH-821A~ң��~P,1,1
13,10kV Iĸ���û�·I~WDH-821A~ң��~IC,10kV Iĸ���û�·I~WDH-821A~ң��~IC,10kV Iĸ���û�·I~WDH-821A~ң��~IC,1,1
14,10kV Iĸ���û�·I~WDH-821A~ң��~IA,10kV Iĸ���û�·I~WDH-821A~ң��~IA,10kV Iĸ���û�·I~WDH-821A~ң��~IA,1,1
15,1#���ò��~FCK-801A~ң��~7014��λ,1#���ò��~FCK-801A~ң��~7014��λ,1#���ò��~FCK-801A~ң��~7014��λ,1,1
16,1#���ò��~FCK-801A~ң��~7014��λ,1#���ò��~FCK-801A~ң��~7014��λ,1#���ò��~FCK-801A~ң��~7014��λ,1,1
17,1#���ò��~FCK-801A~ң��~7015��λ,1#���ò��~FCK-801A~ң��~7015��λ,1#���ò��~FCK-801A~ң��~7015��λ,1,1
18,1#���ò��~FCK-801A~ң��~7015��λ,1#���ò��~FCK-801A~ң��~7015��λ,1#���ò��~FCK-801A~ң��~7015��λ,1,1
19,1#���ò��~FCK-801A~ң��~1101����λ��,1#���ò��~FCK-801A~ң��~1101����λ��,1#���ò��~FCK-801A~ң��~1101����λ��,1,1
20,1#���ò��~FCK-801A~ң��~1101����λ��,1#���ò��~FCK-801A~ң��~1101����λ��,1#���ò��~FCK-801A~ң��~1101����λ��,1,1
21,1#���ò��~FCK-801A~ң��~7010��λ,1#���ò��~FCK-801A~ң��~7010��λ,1#���ò��~FCK-801A~ң��~7010��λ,1,1
22,1#���ò��~FCK-801A~ң��~7010��λ,1#���ò��~FCK-801A~ң��~7010��λ,1#���ò��~FCK-801A~ң��~7010��λ,1,1
23,1#���ò��~FCK-801A~ң��~70154��λ,1#���ò��~FCK-801A~ң��~70154��λ,1#���ò��~FCK-801A~ң��~70154��λ,1,1
24,1#���ò��~FCK-801A~ң��~70154��λ,1#���ò��~FCK-801A~ң��~70154��λ,1#���ò��~FCK-801A~ң��~70154��λ,1,1
25,1#���ò��~FCK-801A~ң��~400V 0��UCA,1#���ò��~FCK-801A~ң��~400V 0��UCA,1#���ò��~FCK-801A~ң��~400V 0��UCA,1,1
26,1#���ò��~FCK-801A~ң��~400V 0��UA,1#���ò��~FCK-801A~ң��~400V 0��UA,1#���ò��~FCK-801A~ң��~400V 0��UA,1,1
27,1#���ò��~FCK-801A~ң��~400V 0��UC,1#���ò��~FCK-801A~ң��~400V 0��UC,1#���ò��~FCK-801A~ң��~400V 0��UC,1,1
28,1#���ò��~FCK-801A~ң��~400V 0��UAB,1#���ò��~FCK-801A~ң��~400V 0��UAB,1#���ò��~FCK-801A~ң��~400V 0��UAB,1,1
29,1#���ò��~FCK-801A~ң��~400V 0��UBC,1#���ò��~FCK-801A~ң��~400V 0��UBC,1#���ò��~FCK-801A~ң��~400V 0��UBC,1,1
30,1#���ò��~FCK-801A~ң��~400V 0��UB,1#���ò��~FCK-801A~ң��~400V 0��UB,1#���ò��~FCK-801A~ң��~400V 0��UB,1,1
31,110kV����1# 7EA�߲��~FCK-801A~ң��~IC,110kV����1# 7EA�߲��~FCK-801A~ң��~IC,110kV����1# 7EA�߲��~FCK-801A~ң��~IC,1,1
32,110kV����1# 7EA�߲��~FCK-801A~ң��~IA,110kV����1# 7EA�߲��~FCK-801A~ң��~IA,110kV����1# 7EA�߲��~FCK-801A~ң��~IA,1,1
33,110kV����1# 7EA�߲��~FCK-801A~ң��~IB,110kV����1# 7EA�߲��~FCK-801A~ң��~IB,110kV����1# 7EA�߲��~FCK-801A~ң��~IB,1,1
34,110kV����1# 7EA�߲��~FCK-801A~ң��~P,110kV����1# 7EA�߲��~FCK-801A~ң��~P,110kV����1# 7EA�߲��~FCK-801A~ң��~P,1,1
35,110kV����1# 7EA�߲��~FCK-801A~ң��~COS,110kV����1# 7EA�߲��~FCK-801A~ң��~COS,110kV����1# 7EA�߲��~FCK-801A~ң��~COS,1,1
36,110kV����1# 7EA�߲��~FCK-801A~ң��~Q,110kV����1# 7EA�߲��~FCK-801A~ң��~Q,110kV����1# 7EA�߲��~FCK-801A~ң��~Q,1,1
37,110kV����1# 7EA�߲��~FCK-801A~ң��~7EA3��λ,110kV����1# 7EA�߲��~FCK-801A~ң��~7EA3��λ,110kV����1# 7EA�߲��~FCK-801A~ң��~7EA3��λ,1,1
38,110kV����1# 7EA�߲��~FCK-801A~ң��~7EA3��λ,110kV����1# 7EA�߲��~FCK-801A~ң��~7EA3��λ,110kV����1# 7EA�߲��~FCK-801A~ң��~7EA3��λ,1,1
39,110kV����1# 7EA�߲��~FCK-801A~ң��~7EA4��λ,110kV����1# 7EA�߲��~FCK-801A~ң��~7EA4��λ,110kV����1# 7EA�߲��~FCK-801A~ң��~7EA4��λ,1,1
40,110kV����1# 7EA�߲��~FCK-801A~ң��~7EA14��λ,110kV����1# 7EA�߲��~FCK-801A~ң��~7EA14��λ,110kV����1# 7EA�߲��~FCK-801A~ң��~7EA14��λ,1,1
41,110kV����1# 7EA�߲��~FCK-801A~ң��~7EA1��λ,110kV����1# 7EA�߲��~FCK-801A~ң��~7EA1��λ,110kV����1# 7EA�߲��~FCK-801A~ң��~7EA1��λ,1,1
42,110kV����1# 7EA�߲��~FCK-801A~ң��~7EA1��λ,110kV����1# 7EA�߲��~FCK-801A~ң��~7EA1��λ,110kV����1# 7EA�߲��~FCK-801A~ң��~7EA1��λ,1,1
43,110kV����1# 7EA�߲��~FCK-801A~ң��~7EA4��λ,110kV����1# 7EA�߲��~FCK-801A~ң��~7EA4��λ,110kV����1# 7EA�߲��~FCK-801A~ң��~7EA4��λ,1,1
44,110kV����1# 7EA�߲��~FCK-801A~ң��~7EA��λ,110kV����1# 7EA�߲��~FCK-801A~ң��~7EA��λ,110kV����1# 7EA�߲��~FCK-801A~ң��~7EA��λ,1,1
45,110kV����1# 7EA�߲��~FCK-801A~ң��~7EA��λ,110kV����1# 7EA�߲��~FCK-801A~ң��~7EA��λ,110kV����1# 7EA�߲��~FCK-801A~ң��~7EA��λ,1,1
46,110kV����1# 7EA�߲��~FCK-801A~ң��~7EA14��λ,110kV����1# 7EA�߲��~FCK-801A~ң��~7EA14��λ,110kV����1# 7EA�߲��~FCK-801A~ң��~7EA14��λ,1,1
47,110kV����1# 7EA�߲��~FCK-801A~ң��~7EA34��λ,110kV����1# 7EA�߲��~FCK-801A~ң��~7EA34��λ,110kV����1# 7EA�߲��~FCK-801A~ң��~7EA34��λ,1,1
48,110kV����1# 7EA�߲��~FCK-801A~ң��~7EA34��λ,110kV����1# 7EA�߲��~FCK-801A~ң��~7EA34��λ,110kV����1# 7EA�߲��~FCK-801A~ң��~7EA34��λ,1,1
49,110kV����1# 7EA�߲��~FCK-801A~ң��~7EA5��λ,110kV����1# 7EA�߲��~FCK-801A~ң��~7EA5��λ,110kV����1# 7EA�߲��~FCK-801A~ң��~7EA5��λ,1,1
50,110kV����1# 7EA�߲��~FCK-801A~ң��~7EA5��λ,110kV����1# 7EA�߲��~FCK-801A~ң��~7EA5��λ,110kV����1# 7EA�߲��~FCK-801A~ң��~7EA5��λ,1,1
51,110kV����1# 7EA�߲��~FCK-801A~ң��~7EA54��λ,110kV����1# 7EA�߲��~FCK-801A~ң��~7EA54��λ,110kV����1# 7EA�߲��~FCK-801A~ң��~7EA54��λ,1,1
52,110kV����1# 7EA�߲��~FCK-801A~ң��~7EA54��λ,110kV����1# 7EA�߲��~FCK-801A~ң��~7EA54��λ,110kV����1# 7EA�߲��~FCK-801A~ң��~7EA54��λ,1,1
53,ĸ�����~FCK-801A~ң��~7101��λ,ĸ�����~FCK-801A~ң��~7101��λ,ĸ�����~FCK-801A~ң��~7101��λ,1,1
54,ĸ�����~FCK-801A~ң��~7102��λ,ĸ�����~FCK-801A~ң��~7102��λ,ĸ�����~FCK-801A~ң��~7102��λ,1,1
55,ĸ�����~FCK-801A~ң��~710��λ,ĸ�����~FCK-801A~ң��~710��λ,ĸ�����~FCK-801A~ң��~710��λ,1,1
56,ĸ�����~FCK-801A~ң��~7101��λ,ĸ�����~FCK-801A~ң��~7101��λ,ĸ�����~FCK-801A~ң��~7101��λ,1,1
57,ĸ�����~FCK-801A~ң��~710��λ,ĸ�����~FCK-801A~ң��~710��λ,ĸ�����~FCK-801A~ң��~710��λ,1,1
58,ĸ�����~FCK-801A~ң��~71014��λ,ĸ�����~FCK-801A~ң��~71014��λ,ĸ�����~FCK-801A~ң��~71014��λ,1,1
59,ĸ�����~FCK-801A~ң��~71014��λ,ĸ�����~FCK-801A~ң��~71014��λ,ĸ�����~FCK-801A~ң��~71014��λ,1,1
60,ĸ�����~FCK-801A~ң��~7102��λ,ĸ�����~FCK-801A~ң��~7102��λ,ĸ�����~FCK-801A~ң��~7102��λ,1,1
61,ĸ�����~FCK-801A~ң��~71024��λ,ĸ�����~FCK-801A~ң��~71024��λ,ĸ�����~FCK-801A~ң��~71024��λ,1,1
62,ĸ�����~FCK-801A~ң��~71024��λ,ĸ�����~FCK-801A~ң��~71024��λ,ĸ�����~FCK-801A~ң��~71024��λ,1,1
63,ĸ�����~FCK-801A~ң��~Q,ĸ�����~FCK-801A~ң��~Q,ĸ�����~FCK-801A~ң��~Q,1,1
64,ĸ�����~FCK-801A~ң��~COS,ĸ�����~FCK-801A~ң��~COS,ĸ�����~FCK-801A~ң��~COS,1,1
65,ĸ�����~FCK-801A~ң��~P,ĸ�����~FCK-801A~ң��~P,ĸ�����~FCK-801A~ң��~P,1,1
66,ĸ�����~FCK-801A~ң��~IB,ĸ�����~FCK-801A~ң��~IB,ĸ�����~FCK-801A~ң��~IB,1,1
67,ĸ�����~FCK-801A~ң��~IA,ĸ�����~FCK-801A~ң��~IA,ĸ�����~FCK-801A~ң��~IA,1,1
68,ĸ�����~FCK-801A~ң��~IC,ĸ�����~FCK-801A~ң��~IC,ĸ�����~FCK-801A~ң��~IC,1,1
69,1#������~FCK-801A~ң��~101�ֳ�����λ��,1#������~FCK-801A~ң��~101�ֳ�����λ��,1#������~FCK-801A~ң��~101�ֳ�����λ��,1,1
70,1#������~FCK-801A~ң��~7013��λ,1#������~FCK-801A~ң��~7013��λ,1#������~FCK-801A~ң��~7013��λ,1,1
71,1#������~FCK-801A~ң��~101��λ,1#������~FCK-801A~ң��~101��λ,1#������~FCK-801A~ң��~101��λ,1,1
72,1#������~FCK-801A~ң��~101�ֳ�����λ��,1#������~FCK-801A~ң��~101�ֳ�����λ��,1#������~FCK-801A~ң��~101�ֳ�����λ��,1,1
73,1#������~FCK-801A~ң��~101��λ,1#������~FCK-801A~ң��~101��λ,1#������~FCK-801A~ң��~101��λ,1,1
74,1#������~FCK-801A~ң��~701��λ,1#������~FCK-801A~ң��~701��λ,1#������~FCK-801A~ң��~701��λ,1,1
75,1#������~FCK-801A~ң��~701��λ,1#������~FCK-801A~ң��~701��λ,1#������~FCK-801A~ң��~701��λ,1,1
76,1#������~FCK-801A~ң��~7013��λ,1#������~FCK-801A~ң��~7013��λ,1#������~FCK-801A~ң��~7013��λ,1,1
77,1#������~FCK-801A~ң��~70134��λ,1#������~FCK-801A~ң��~70134��λ,1#������~FCK-801A~ң��~70134��λ,1,1
78,1#������~FCK-801A~ң��~70134��λ,1#������~FCK-801A~ң��~70134��λ,1#������~FCK-801A~ң��~70134��λ,1,1
79,1#������~FCK-801A~ң��~70144��λ,1#������~FCK-801A~ң��~70144��λ,1#������~FCK-801A~ң��~70144��λ,1,1
80,1#������~FCK-801A~ң��~70144��λ,1#������~FCK-801A~ң��~70144��λ,1#������~FCK-801A~ң��~70144��λ,1,1
81,1#������~FCK-801A~ң��~7011��λ,1#������~FCK-801A~ң��~7011��λ,1#������~FCK-801A~ң��~7011��λ,1,1
82,1#������~FCK-801A~ң��~7011��λ,1#������~FCK-801A~ң��~7011��λ,1#������~FCK-801A~ң��~7011��λ,1,1
83,1#������~FCK-801A~ң��~70114��λ,1#������~FCK-801A~ң��~70114��λ,1#������~FCK-801A~ң��~70114��λ,1,1
84,1#������~FCK-801A~ң��~70114��λ,1#������~FCK-801A~ң��~70114��λ,1#������~FCK-801A~ң��~70114��λ,1,1
85,1#������~FCK-801A~ң��~��ѹ��Q,1#������~FCK-801A~ң��~��ѹ��Q,1#������~FCK-801A~ң��~��ѹ��Q,1,1
86,1#������~FCK-801A~ң��~��ѹ��P,1#������~FCK-801A~ң��~��ѹ��P,1#������~FCK-801A~ң��~��ѹ��P,1,1
87,1#������~FCK-801A~ң��~��ѹ��IC,1#������~FCK-801A~ң��~��ѹ��IC,1#������~FCK-801A~ң��~��ѹ��IC,1,1
88,1#������~FCK-801A~ң��~��ѹ��IB,1#������~FCK-801A~ң��~��ѹ��IB,1#������~FCK-801A~ң��~��ѹ��IB,1,1
89,1#������~FCK-801A~ң��~��ѹ��IA,1#������~FCK-801A~ң��~��ѹ��IA,1#������~FCK-801A~ң��~��ѹ��IA,1,1
90,1#������~FCK-801A~ң��~�����¶�,1#������~FCK-801A~ң��~�����¶�,1#������~FCK-801A~ң��~�����¶�,1,1
91,1#������~FCK-801A~ң��~��ѹ��COS,1#������~FCK-801A~ң��~��ѹ��COS,1#������~FCK-801A~ң��~��ѹ��COS,1,1
92,1#������~FCK-801A~ң��~��ѹ��P,1#������~FCK-801A~ң��~��ѹ��P,1#������~FCK-801A~ң��~��ѹ��P,1,1
93,1#������~FCK-801A~ң��~��ѹ��IB,1#������~FCK-801A~ң��~��ѹ��IB,1#������~FCK-801A~ң��~��ѹ��IB,1,1
94,1#������~FCK-801A~ң��~��ѹ��IA,1#������~FCK-801A~ң��~��ѹ��IA,1#������~FCK-801A~ң��~��ѹ��IA,1,1
95,1#������~FCK-801A~ң��~��ѹ��IC,1#������~FCK-801A~ң��~��ѹ��IC,1#������~FCK-801A~ң��~��ѹ��IC,1,1
96,1#������~FCK-801A~ң��~��ѹ��Q,1#������~FCK-801A~ң��~��ѹ��Q,1#������~FCK-801A~ң��~��ѹ��Q,1,1
97,1#������~FCK-801A~ң��~�����¶�1,1#������~FCK-801A~ң��~�����¶�1,1#������~FCK-801A~ң��~�����¶�1,1,1
98,1#������~FCK-801A~ң��~��ѹ��COS,1#������~FCK-801A~ң��~��ѹ��COS,1#������~FCK-801A~ң��~��ѹ��COS,1,1
99,1#������~FCK-801A~ң��~�����¶�2,1#������~FCK-801A~ң��~�����¶�2,1#������~FCK-801A~ң��~�����¶�2,1,1
100,1#������~FCK-801A~ң��~��λ,1#������~FCK-801A~ң��~��λ,1#������~FCK-801A~ң��~��λ,1,1
101,2#������~FCK-801A~ң��~��λ,2#������~FCK-801A~ң��~��λ,2#������~FCK-801A~ң��~��λ,1,1
102,2#������~FCK-801A~ң��~�����¶�,2#������~FCK-801A~ң��~�����¶�,2#������~FCK-801A~ң��~�����¶�,1,1
103,2#������~FCK-801A~ң��~�����¶�2,2#������~FCK-801A~ң��~�����¶�2,2#������~FCK-801A~ң��~�����¶�2,1,1
104,2#������~FCK-801A~ң��~�����¶�1,2#������~FCK-801A~ң��~�����¶�1,2#������~FCK-801A~ң��~�����¶�1,1,1
105,2#������~FCK-801A~ң��~��ѹ��Q,2#������~FCK-801A~ң��~��ѹ��Q,2#������~FCK-801A~ң��~��ѹ��Q,1,1
106,2#������~FCK-801A~ң��~��ѹ��IC,2#������~FCK-801A~ң��~��ѹ��IC,2#������~FCK-801A~ң��~��ѹ��IC,1,1
107,2#������~FCK-801A~ң��~��ѹ��IA,2#������~FCK-801A~ң��~��ѹ��IA,2#������~FCK-801A~ң��~��ѹ��IA,1,1
108,2#������~FCK-801A~ң��~��ѹ��IB,2#������~FCK-801A~ң��~��ѹ��IB,2#������~FCK-801A~ң��~��ѹ��IB,1,1
109,2#������~FCK-801A~ң��~��ѹ��P,2#������~FCK-801A~ң��~��ѹ��P,2#������~FCK-801A~ң��~��ѹ��P,1,1
110,2#������~FCK-801A~ң��~��ѹ��COS,2#������~FCK-801A~ң��~��ѹ��COS,2#������~FCK-801A~ң��~��ѹ��COS,1,1
111,2#������~FCK-801A~ң��~��ѹ��COS,2#������~FCK-801A~ң��~��ѹ��COS,2#������~FCK-801A~ң��~��ѹ��COS,1,1
112,2#������~FCK-801A~ң��~��ѹ��IA,2#������~FCK-801A~ң��~��ѹ��IA,2#������~FCK-801A~ң��~��ѹ��IA,1,1
113,2#������~FCK-801A~ң��~��ѹ��IB,2#������~FCK-801A~ң��~��ѹ��IB,2#������~FCK-801A~ң��~��ѹ��IB,1,1
114,2#������~FCK-801A~ң��~��ѹ��IC,2#������~FCK-801A~ң��~��ѹ��IC,2#������~FCK-801A~ң��~��ѹ��IC,1,1
115,2#������~FCK-801A~ң��~��ѹ��P,2#������~FCK-801A~ң��~��ѹ��P,2#������~FCK-801A~ң��~��ѹ��P,1,1
116,2#������~FCK-801A~ң��~��ѹ��Q,2#������~FCK-801A~ң��~��ѹ��Q,2#������~FCK-801A~ң��~��ѹ��Q,1,1
117,2#������~FCK-801A~ң��~70114��λ,2#������~FCK-801A~ң��~70114��λ,2#������~FCK-801A~ң��~70114��λ,1,1
118,2#������~FCK-801A~ң��~70114��λ,2#������~FCK-801A~ң��~70114��λ,2#������~FCK-801A~ң��~70114��λ,1,1
119,2#������~FCK-801A~ң��~7011��λ,2#������~FCK-801A~ң��~7011��λ,2#������~FCK-801A~ң��~7011��λ,1,1
120,2#������~FCK-801A~ң��~7011��λ,2#������~FCK-801A~ң��~7011��λ,2#������~FCK-801A~ң��~7011��λ,1,1
121,2#������~FCK-801A~ң��~70144��λ,2#������~FCK-801A~ң��~70144��λ,2#������~FCK-801A~ң��~70144��λ,1,1
122,2#������~FCK-801A~ң��~70144��λ,2#������~FCK-801A~ң��~70144��λ,2#������~FCK-801A~ң��~70144��λ,1,1
123,2#������~FCK-801A~ң��~70134��λ,2#������~FCK-801A~ң��~70134��λ,2#������~FCK-801A~ң��~70134��λ,1,1
124,2#������~FCK-801A~ң��~70134��λ,2#������~FCK-801A~ң��~70134��λ,2#������~FCK-801A~ң��~70134��λ,1,1
125,2#������~FCK-801A~ң��~7013��λ,2#������~FCK-801A~ң��~7013��λ,2#������~FCK-801A~ң��~7013��λ,1,1
126,2#������~FCK-801A~ң��~701��λ,2#������~FCK-801A~ң��~701��λ,2#������~FCK-801A~ң��~701��λ,1,1
127,2#������~FCK-801A~ң��~701��λ,2#������~FCK-801A~ң��~701��λ,2#������~FCK-801A~ң��~701��λ,1,1
128,2#������~FCK-801A~ң��~101��λ,2#������~FCK-801A~ң��~101��λ,2#������~FCK-801A~ң��~101��λ,1,1
129,2#������~FCK-801A~ң��~101�ֳ�����λ��,2#������~FCK-801A~ң��~101�ֳ�����λ��,2#������~FCK-801A~ң��~101�ֳ�����λ��,1,1
130,2#������~FCK-801A~ң��~101��λ,2#������~FCK-801A~ң��~101��λ,2#������~FCK-801A~ң��~101��λ,1,1
131,2#������~FCK-801A~ң��~7013��λ,2#������~FCK-801A~ң��~7013��λ,2#������~FCK-801A~ң��~7013��λ,1,1
132,2#������~FCK-801A~ң��~101�ֳ�����λ��,2#������~FCK-801A~ң��~101�ֳ�����λ��,2#������~FCK-801A~ң��~101�ֳ�����λ��,1,1
133,110kV����2# 7E9�߲��~FCK-801A~ң��~7E954��λ,110kV����2# 7E9�߲��~FCK-801A~ң��~7E954��λ,110kV����2# 7E9�߲��~FCK-801A~ң��~7E954��λ,1,1
134,110kV����2# 7E9�߲��~FCK-801A~ң��~7E954��λ,110kV����2# 7E9�߲��~FCK-801A~ң��~7E954��λ,110kV����2# 7E9�߲��~FCK-801A~ң��~7E954��λ,1,1
135,110kV����2# 7E9�߲��~FCK-801A~ң��~7E95��λ,110kV����2# 7E9�߲��~FCK-801A~ң��~7E95��λ,110kV����2# 7E9�߲��~FCK-801A~ң��~7E95��λ,1,1
136,110kV����2# 7E9�߲��~FCK-801A~ң��~7E95��λ,110kV����2# 7E9�߲��~FCK-801A~ң��~7E95��λ,110kV����2# 7E9�߲��~FCK-801A~ң��~7E95��λ,1,1
137,110kV����2# 7E9�߲��~FCK-801A~ң��~7E934��λ,110kV����2# 7E9�߲��~FCK-801A~ң��~7E934��λ,110kV����2# 7E9�߲��~FCK-801A~ң��~7E934��λ,1,1
138,110kV����2# 7E9�߲��~FCK-801A~ң��~7E934��λ,110kV����2# 7E9�߲��~FCK-801A~ң��~7E934��λ,110kV����2# 7E9�߲��~FCK-801A~ң��~7E934��λ,1,1
139,110kV����2# 7E9�߲��~FCK-801A~ң��~7E914��λ,110kV����2# 7E9�߲��~FCK-801A~ң��~7E914��λ,110kV����2# 7E9�߲��~FCK-801A~ң��~7E914��λ,1,1
140,110kV����2# 7E9�߲��~FCK-801A~ң��~7E9��λ,110kV����2# 7E9�߲��~FCK-801A~ң��~7E9��λ,110kV����2# 7E9�߲��~FCK-801A~ң��~7E9��λ,1,1
141,110kV����2# 7E9�߲��~FCK-801A~ң��~7E9��λ,110kV����2# 7E9�߲��~FCK-801A~ң��~7E9��λ,110kV����2# 7E9�߲��~FCK-801A~ң��~7E9��λ,1,1
142,110kV����2# 7E9�߲��~FCK-801A~ң��~7E94��λ,110kV����2# 7E9�߲��~FCK-801A~ң��~7E94��λ,110kV����2# 7E9�߲��~FCK-801A~ң��~7E94��λ,1,1
143,110kV����2# 7E9�߲��~FCK-801A~ң��~7E91��λ,110kV����2# 7E9�߲��~FCK-801A~ң��~7E91��λ,110kV����2# 7E9�߲��~FCK-801A~ң��~7E91��λ,1,1
144,110kV����2# 7E9�߲��~FCK-801A~ң��~7E91��λ,110kV����2# 7E9�߲��~FCK-801A~ң��~7E91��λ,110kV����2# 7E9�߲��~FCK-801A~ң��~7E91��λ,1,1
145,110kV����2# 7E9�߲��~FCK-801A~ң��~7E914��λ,110kV����2# 7E9�߲��~FCK-801A~ң��~7E914��λ,110kV����2# 7E9�߲��~FCK-801A~ң��~7E914��λ,1,1
146,110kV����2# 7E9�߲��~FCK-801A~ң��~7E94��λ,110kV����2# 7E9�߲��~FCK-801A~ң��~7E94��λ,110kV����2# 7E9�߲��~FCK-801A~ң��~7E94��λ,1,1
147,110kV����2# 7E9�߲��~FCK-801A~ң��~7E93��λ,110kV����2# 7E9�߲��~FCK-801A~ң��~7E93��λ,110kV����2# 7E9�߲��~FCK-801A~ң��~7E93��λ,1,1
148,110kV����2# 7E9�߲��~FCK-801A~ң��~7E93��λ,110kV����2# 7E9�߲��~FCK-801A~ң��~7E93��λ,110kV����2# 7E9�߲��~FCK-801A~ң��~7E93��λ,1,1
149,110kV����2# 7E9�߲��~FCK-801A~ң��~Q,110kV����2# 7E9�߲��~FCK-801A~ң��~Q,110kV����2# 7E9�߲��~FCK-801A~ң��~Q,1,1
150,110kV����2# 7E9�߲��~FCK-801A~ң��~COS,110kV����2# 7E9�߲��~FCK-801A~ң��~COS,110kV����2# 7E9�߲��~FCK-801A~ң��~COS,1,1
151,110kV����2# 7E9�߲��~FCK-801A~ң��~P,110kV����2# 7E9�߲��~FCK-801A~ң��~P,110kV����2# 7E9�߲��~FCK-801A~ң��~P,1,1
152,110kV����2# 7E9�߲��~FCK-801A~ң��~IB,110kV����2# 7E9�߲��~FCK-801A~ң��~IB,110kV����2# 7E9�߲��~FCK-801A~ң��~IB,1,1
153,110kV����2# 7E9�߲��~FCK-801A~ң��~IA,110kV����2# 7E9�߲��~FCK-801A~ң��~IA,110kV����2# 7E9�߲��~FCK-801A~ң��~IA,1,1
154,110kV����2# 7E9�߲��~FCK-801A~ң��~IC,110kV����2# 7E9�߲��~FCK-801A~ң��~IC,110kV����2# 7E9�߲��~FCK-801A~ң��~IC,1,1
155,2#���ò��~FCK-801A~ң��~70254��λ,2#���ò��~FCK-801A~ң��~70254��λ,2#���ò��~FCK-801A~ң��~70254��λ,1,1
156,2#���ò��~FCK-801A~ң��~70254��λ,2#���ò��~FCK-801A~ң��~70254��λ,2#���ò��~FCK-801A~ң��~70254��λ,1,1
157,2#���ò��~FCK-801A~ң��~7020��λ,2#���ò��~FCK-801A~ң��~7020��λ,2#���ò��~FCK-801A~ң��~7020��λ,1,1
158,2#���ò��~FCK-801A~ң��~7020��λ,2#���ò��~FCK-801A~ң��~7020��λ,2#���ò��~FCK-801A~ң��~7020��λ,1,1
159,2#���ò��~FCK-801A~ң��~1201����λ��,2#���ò��~FCK-801A~ң��~1201����λ��,2#���ò��~FCK-801A~ң��~1201����λ��,1,1
160,2#���ò��~FCK-801A~ң��~1201����λ��,2#���ò��~FCK-801A~ң��~1201����λ��,2#���ò��~FCK-801A~ң��~1201����λ��,1,1
161,2#���ò��~FCK-801A~ң��~7025��λ,2#���ò��~FCK-801A~ң��~7025��λ,2#���ò��~FCK-801A~ң��~7025��λ,1,1
162,2#���ò��~FCK-801A~ң��~7025��λ,2#���ò��~FCK-801A~ң��~7025��λ,2#���ò��~FCK-801A~ң��~7025��λ,1,1
163,2#���ò��~FCK-801A~ң��~7024��λ,2#���ò��~FCK-801A~ң��~7024��λ,2#���ò��~FCK-801A~ң��~7024��λ,1,1
164,2#���ò��~FCK-801A~ң��~7024��λ,2#���ò��~FCK-801A~ң��~7024��λ,2#���ò��~FCK-801A~ң��~7024��λ,1,1
165,1#�������~FCK-821A~ң��~1115��λ,1#�������~FCK-821A~ң��~1115��λ,1#�������~FCK-821A~ң��~1115��λ,1,1
166,1#�������~FCK-821A~ң��~�ֳ�����λ��,1#�������~FCK-821A~ң��~�ֳ�����λ��,1#�������~FCK-821A~ң��~�ֳ�����λ��,1,1
167,1#�������~FCK-821A~ң��~�ֳ�����λ��,1#�������~FCK-821A~ң��~�ֳ�����λ��,1#�������~FCK-821A~ң��~�ֳ�����λ��,1,1
168,1#�������~FCK-821A~ң��~1115��λ,1#�������~FCK-821A~ң��~1115��λ,1#�������~FCK-821A~ң��~1115��λ,1,1
169,1#�������~FCK-821A~ң��~111��λ,1#�������~FCK-821A~ң��~111��λ,1#�������~FCK-821A~ң��~111��λ,1,1
170,1#�������~FCK-821A~ң��~111��λ,1#�������~FCK-821A~ң��~111��λ,1#�������~FCK-821A~ң��~111��λ,1,1
171,1#�������~FCK-821A~ң��~1116��λ,1#�������~FCK-821A~ң��~1116��λ,1#�������~FCK-821A~ң��~1116��λ,1,1
172,1#�������~FCK-821A~ң��~1116��λ,1#�������~FCK-821A~ң��~1116��λ,1#�������~FCK-821A~ң��~1116��λ,1,1
173,1#�������~FCK-821A~ң��~IA,1#�������~FCK-821A~ң��~IA,1#�������~FCK-821A~ң��~IA,1,1
174,1#�������~FCK-821A~ң��~IB,1#�������~FCK-821A~ң��~IB,1#�������~FCK-821A~ң��~IB,1,1
175,1#�������~FCK-821A~ң��~IC,1#�������~FCK-821A~ң��~IC,1#�������~FCK-821A~ң��~IC,1,1
176,1#�������~FCK-821A~ң��~P,1#�������~FCK-821A~ң��~P,1#�������~FCK-821A~ң��~P,1,1
177,1#�������~FCK-821A~ң��~Q,1#�������~FCK-821A~ң��~Q,1#�������~FCK-821A~ң��~Q,1,1
178,1#�������~FCK-821A~ң��~F,1#�������~FCK-821A~ң��~F,1#�������~FCK-821A~ң��~F,1,1
179,1#�������~FCK-821A~ң��~COS,1#�������~FCK-821A~ң��~COS,1#�������~FCK-821A~ң��~COS,1,1
180,1#�������~FCK-821A~ң��~��ŵ�ѹ,1#�������~FCK-821A~ң��~��ŵ�ѹ,1#�������~FCK-821A~ң��~��ŵ�ѹ,1,1
181,1#�������~FCK-821A~ң��~��ŵ���,1#�������~FCK-821A~ң��~��ŵ���,1#�������~FCK-821A~ң��~��ŵ���,1,1
182,2#�������~FCK-821A~ң��~1216��λ,2#�������~FCK-821A~ң��~1216��λ,2#�������~FCK-821A~ң��~1216��λ,1,1
183,2#�������~FCK-821A~ң��~1216��λ,2#�������~FCK-821A~ң��~1216��λ,2#�������~FCK-821A~ң��~1216��λ,1,1
184,2#�������~FCK-821A~ң��~121��λ,2#�������~FCK-821A~ң��~121��λ,2#�������~FCK-821A~ң��~121��λ,1,1
185,2#�������~FCK-821A~ң��~121��λ,2#�������~FCK-821A~ң��~121��λ,2#�������~FCK-821A~ң��~121��λ,1,1
186,2#�������~FCK-821A~ң��~1215��λ,2#�������~FCK-821A~ң��~1215��λ,2#�������~FCK-821A~ң��~1215��λ,1,1
187,2#�������~FCK-821A~ң��~�ֳ�����λ��,2#�������~FCK-821A~ң��~�ֳ�����λ��,2#�������~FCK-821A~ң��~�ֳ�����λ��,1,1
188,2#�������~FCK-821A~ң��~�ֳ�����λ��,2#�������~FCK-821A~ң��~�ֳ�����λ��,2#�������~FCK-821A~ң��~�ֳ�����λ��,1,1
189,2#�������~FCK-821A~ң��~1215��λ,2#�������~FCK-821A~ң��~1215��λ,2#�������~FCK-821A~ң��~1215��λ,1,1
190,2#�������~FCK-821A~ң��~IA,2#�������~FCK-821A~ң��~IA,2#�������~FCK-821A~ң��~IA,1,1
191,2#�������~FCK-821A~ң��~IB,2#�������~FCK-821A~ң��~IB,2#�������~FCK-821A~ң��~IB,1,1
192,2#�������~FCK-821A~ң��~IC,2#�������~FCK-821A~ң��~IC,2#�������~FCK-821A~ң��~IC,1,1
193,2#�������~FCK-821A~ң��~P,2#�������~FCK-821A~ң��~P,2#�������~FCK-821A~ң��~P,1,1
194,2#�������~FCK-821A~ң��~Q,2#�������~FCK-821A~ң��~Q,2#�������~FCK-821A~ң��~Q,1,1
195,2#�������~FCK-821A~ң��~COS,2#�������~FCK-821A~ң��~COS,2#�������~FCK-821A~ң��~COS,1,1
196,2#�������~FCK-821A~ң��~F,2#�������~FCK-821A~ң��~F,2#�������~FCK-821A~ң��~F,1,1
197,2#�������~FCK-821A~ң��~��ŵ���,2#�������~FCK-821A~ң��~��ŵ���,2#�������~FCK-821A~ң��~��ŵ���,1,1
198,2#�������~FCK-821A~ң��~��ŵ�ѹ,2#�������~FCK-821A~ң��~��ŵ�ѹ,2#�������~FCK-821A~ң��~��ŵ�ѹ,1,1
199,110kV��ѹ���~WYJ-821A~ң��~110kV I��UA,110kV��ѹ���~WYJ-821A~ң��~110kV I��UA,110kV��ѹ���~WYJ-821A~ң��~110kV I��UA,1,1
200,110kV��ѹ���~WYJ-821A~ң��~110kV II��UBC,110kV��ѹ���~WYJ-821A~ң��~110kV II��UBC,110kV��ѹ���~WYJ-821A~ң��~110kV II��UBC,1,1
201,110kV��ѹ���~WYJ-821A~ң��~110kV I��UC,110kV��ѹ���~WYJ-821A~ң��~110kV I��UC,110kV��ѹ���~WYJ-821A~ң��~110kV I��UC,1,1
202,110kV��ѹ���~WYJ-821A~ң��~110kV II��F,110kV��ѹ���~WYJ-821A~ң��~110kV II��F,110kV��ѹ���~WYJ-821A~ң��~110kV II��F,1,1
203,110kV��ѹ���~WYJ-821A~ң��~110kV I��UB,110kV��ѹ���~WYJ-821A~ң��~110kV I��UB,110kV��ѹ���~WYJ-821A~ң��~110kV I��UB,1,1
204,110kV��ѹ���~WYJ-821A~ң��~110kV II��UAB,110kV��ѹ���~WYJ-821A~ң��~110kV II��UAB,110kV��ѹ���~WYJ-821A~ң��~110kV II��UAB,1,1
205,110kV��ѹ���~WYJ-821A~ң��~110kV II��UCA,110kV��ѹ���~WYJ-821A~ң��~110kV II��UCA,110kV��ѹ���~WYJ-821A~ң��~110kV II��UCA,1,1
206,110kV��ѹ���~WYJ-821A~ң��~110kV II��3U0,110kV��ѹ���~WYJ-821A~ң��~110kV II��3U0,110kV��ѹ���~WYJ-821A~ң��~110kV II��3U0,1,1
207,110kV��ѹ���~WYJ-821A~ң��~110kV II��UA,110kV��ѹ���~WYJ-821A~ң��~110kV II��UA,110kV��ѹ���~WYJ-821A~ң��~110kV II��UA,1,1
208,110kV��ѹ���~WYJ-821A~ң��~110kV II��UB,110kV��ѹ���~WYJ-821A~ң��~110kV II��UB,110kV��ѹ���~WYJ-821A~ң��~110kV II��UB,1,1
209,110kV��ѹ���~WYJ-821A~ң��~110kV II��UC,110kV��ѹ���~WYJ-821A~ң��~110kV II��UC,110kV��ѹ���~WYJ-821A~ң��~110kV II��UC,1,1
210,110kV��ѹ���~WYJ-821A~ң��~110kV I��UAB,110kV��ѹ���~WYJ-821A~ң��~110kV I��UAB,110kV��ѹ���~WYJ-821A~ң��~110kV I��UAB,1,1
211,110kV��ѹ���~WYJ-821A~ң��~110kV I��UBC,110kV��ѹ���~WYJ-821A~ң��~110kV I��UBC,110kV��ѹ���~WYJ-821A~ң��~110kV I��UBC,1,1
212,110kV��ѹ���~WYJ-821A~ң��~110kV I��UCA,110kV��ѹ���~WYJ-821A~ң��~110kV I��UCA,110kV��ѹ���~WYJ-821A~ң��~110kV I��UCA,1,1
213,110kV��ѹ���~WYJ-821A~ң��~110kV I��3U0,110kV��ѹ���~WYJ-821A~ң��~110kV I��3U0,110kV��ѹ���~WYJ-821A~ң��~110kV I��3U0,1,1
214,110kV��ѹ���~WYJ-821A~ң��~110kV I��F,110kV��ѹ���~WYJ-821A~ң��~110kV I��F,110kV��ѹ���~WYJ-821A~ң��~110kV I��F,1,1
215,10kV��ѹ���1~FCK-821A~ң��~10kV I��F,10kV��ѹ���1~FCK-821A~ң��~10kV I��F,10kV��ѹ���1~FCK-821A~ң��~10kV I��F,1,1
216,10kV��ѹ���1~FCK-821A~ң��~10kV I��3U0,10kV��ѹ���1~FCK-821A~ң��~10kV I��3U0,10kV��ѹ���1~FCK-821A~ң��~10kV I��3U0,1,1
217,10kV��ѹ���1~FCK-821A~ң��~10kV I��UCA,10kV��ѹ���1~FCK-821A~ң��~10kV I��UCA,10kV��ѹ���1~FCK-821A~ң��~10kV I��UCA,1,1
218,10kV��ѹ���1~FCK-821A~ң��~10kV I��UBC,10kV��ѹ���1~FCK-821A~ң��~10kV I��UBC,10kV��ѹ���1~FCK-821A~ң��~10kV I��UBC,1,1
219,10kV��ѹ���1~FCK-821A~ң��~10kV I��UAB,10kV��ѹ���1~FCK-821A~ң��~10kV I��UAB,10kV��ѹ���1~FCK-821A~ң��~10kV I��UAB,1,1
220,10kV��ѹ���1~FCK-821A~ң��~10kV 0��UC,10kV��ѹ���1~FCK-821A~ң��~10kV 0��UC,10kV��ѹ���1~FCK-821A~ң��~10kV 0��UC,1,1
221,10kV��ѹ���1~FCK-821A~ң��~10kV 0��UB,10kV��ѹ���1~FCK-821A~ң��~10kV 0��UB,10kV��ѹ���1~FCK-821A~ң��~10kV 0��UB,1,1
222,10kV��ѹ���1~FCK-821A~ң��~10kV 0��UA,10kV��ѹ���1~FCK-821A~ң��~10kV 0��UA,10kV��ѹ���1~FCK-821A~ң��~10kV 0��UA,1,1
223,10kV��ѹ���1~FCK-821A~ң��~10kV 0��3U0,10kV��ѹ���1~FCK-821A~ң��~10kV 0��3U0,10kV��ѹ���1~FCK-821A~ң��~10kV 0��3U0,1,1
224,10kV��ѹ���1~FCK-821A~ң��~10kV 0��UCA,10kV��ѹ���1~FCK-821A~ң��~10kV 0��UCA,10kV��ѹ���1~FCK-821A~ң��~10kV 0��UCA,1,1
225,10kV��ѹ���1~FCK-821A~ң��~10kV 0��UAB,10kV��ѹ���1~FCK-821A~ң��~10kV 0��UAB,10kV��ѹ���1~FCK-821A~ң��~10kV 0��UAB,1,1
226,10kV��ѹ���1~FCK-821A~ң��~10kV I��UB,10kV��ѹ���1~FCK-821A~ң��~10kV I��UB,10kV��ѹ���1~FCK-821A~ң��~10kV I��UB,1,1
227,10kV��ѹ���1~FCK-821A~ң��~10kV 0��F,10kV��ѹ���1~FCK-821A~ң��~10kV 0��F,10kV��ѹ���1~FCK-821A~ң��~10kV 0��F,1,1
228,10kV��ѹ���1~FCK-821A~ң��~10kV I��UC,10kV��ѹ���1~FCK-821A~ң��~10kV I��UC,10kV��ѹ���1~FCK-821A~ң��~10kV I��UC,1,1
229,10kV��ѹ���1~FCK-821A~ң��~10kV 0��UBC,10kV��ѹ���1~FCK-821A~ң��~10kV 0��UBC,10kV��ѹ���1~FCK-821A~ң��~10kV 0��UBC,1,1
230,10kV��ѹ���1~FCK-821A~ң��~10kV I��UA,10kV��ѹ���1~FCK-821A~ң��~10kV I��UA,10kV��ѹ���1~FCK-821A~ң��~10kV I��UA,1,1
231,10kV��ѹ���2~FCK-821A~ң��~10kV II��UA,10kV��ѹ���2~FCK-821A~ң��~10kV II��UA,10kV��ѹ���2~FCK-821A~ң��~10kV II��UA,1,1
232,10kV��ѹ���2~FCK-821A~ң��~10kV II��UC,10kV��ѹ���2~FCK-821A~ң��~10kV II��UC,10kV��ѹ���2~FCK-821A~ң��~10kV II��UC,1,1
233,10kV��ѹ���2~FCK-821A~ң��~10kV II��UB,10kV��ѹ���2~FCK-821A~ң��~10kV II��UB,10kV��ѹ���2~FCK-821A~ң��~10kV II��UB,1,1
234,10kV��ѹ���2~FCK-821A~ң��~10kV II��UAB,10kV��ѹ���2~FCK-821A~ң��~10kV II��UAB,10kV��ѹ���2~FCK-821A~ң��~10kV II��UAB,1,1
235,10kV��ѹ���2~FCK-821A~ң��~10kV II��UBC,10kV��ѹ���2~FCK-821A~ң��~10kV II��UBC,10kV��ѹ���2~FCK-821A~ң��~10kV II��UBC,1,1
236,10kV��ѹ���2~FCK-821A~ң��~10kV II��UCA,10kV��ѹ���2~FCK-821A~ң��~10kV II��UCA,10kV��ѹ���2~FCK-821A~ң��~10kV II��UCA,1,1
237,10kV��ѹ���2~FCK-821A~ң��~10kV II��3U0,10kV��ѹ���2~FCK-821A~ң��~10kV II��3U0,10kV��ѹ���2~FCK-821A~ң��~10kV II��3U0,1,1
238,10kV��ѹ���2~FCK-821A~ң��~10kV II��F,10kV��ѹ���2~FCK-821A~ң��~10kV II��F,10kV��ѹ���2~FCK-821A~ң��~10kV II��F,1,1
239,1#ѭ��ˮ��151����~WDH-821A~ң��~COS,1#ѭ��ˮ��151����~WDH-821A~ң��~COS,1#ѭ��ˮ��151����~WDH-821A~ң��~COS,1,1
240,1#ѭ��ˮ��151����~WDH-821A~ң��~Q,1#ѭ��ˮ��151����~WDH-821A~ң��~Q,1#ѭ��ˮ��151����~WDH-821A~ң��~Q,1,1
241,1#ѭ��ˮ��151����~WDH-821A~ң��~P,1#ѭ��ˮ��151����~WDH-821A~ң��~P,1#ѭ��ˮ��151����~WDH-821A~ң��~P,1,1
242,1#ѭ��ˮ��151����~WDH-821A~ң��~IC,1#ѭ��ˮ��151����~WDH-821A~ң��~IC,1#ѭ��ˮ��151����~WDH-821A~ң��~IC,1,1
243,1#ѭ��ˮ��151����~WDH-821A~ң��~IA,1#ѭ��ˮ��151����~WDH-821A~ң��~IA,1#ѭ��ˮ��151����~WDH-821A~ң��~IA,1,1
244,1#ѭ��ˮ��151����~WDH-821A~ң��~�ֳ�����λ��,1#ѭ��ˮ��151����~WDH-821A~ң��~�ֳ�����λ��,1#ѭ��ˮ��151����~WDH-821A~ң��~�ֳ�����λ��,1,1
245,1#ѭ��ˮ��151����~WDH-821A~ң��~�ֳ�����λ��,1#ѭ��ˮ��151����~WDH-821A~ң��~�ֳ�����λ��,1#ѭ��ˮ��151����~WDH-821A~ң��~�ֳ�����λ��,1,1
246,1#ѭ��ˮ��151����~WDH-821A~ң��~��λ,1#ѭ��ˮ��151����~WDH-821A~ң��~��λ,1#ѭ��ˮ��151����~WDH-821A~ң��~��λ,1,1
247,1#ѭ��ˮ��151����~WDH-821A~ң��~��λ,1#ѭ��ˮ��151����~WDH-821A~ң��~��λ,1#ѭ��ˮ��151����~WDH-821A~ң��~��λ,1,1
248,1#ѭ��ˮ��151����~WDH-821A~ң��~�ӵص���λ,1#ѭ��ˮ��151����~WDH-821A~ң��~�ӵص���λ,1#ѭ��ˮ��151����~WDH-821A~ң��~�ӵص���λ,1,1
249,1#ѭ��ˮ��151����~WDH-821A~ң��~�����޹����,1#ѭ��ˮ��151����~WDH-821A~ң��~�����޹����,1#ѭ��ˮ��151����~WDH-821A~ң��~�����޹����,1,1
250,1#ѭ��ˮ��151����~WDH-821A~ң��~�����й����,1#ѭ��ˮ��151����~WDH-821A~ң��~�����й����,1#ѭ��ˮ��151����~WDH-821A~ң��~�����й����,1,1
251,1#ѭ��ˮ��151����~WDH-821A~ң��~�����й����,1#ѭ��ˮ��151����~WDH-821A~ң��~�����й����,1#ѭ��ˮ��151����~WDH-821A~ң��~�����й����,1,1
252,1#ѭ��ˮ��151����~WDH-821A~ң��~�����޹����,1#ѭ��ˮ��151����~WDH-821A~ң��~�����޹����,1#ѭ��ˮ��151����~WDH-821A~ң��~�����޹����,1,1
253,3#ѭ��ˮ��153����~WDH-821A~ң��~�����޹����,3#ѭ��ˮ��153����~WDH-821A~ң��~�����޹����,3#ѭ��ˮ��153����~WDH-821A~ң��~�����޹����,1,1
254,3#ѭ��ˮ��153����~WDH-821A~ң��~�����й����,3#ѭ��ˮ��153����~WDH-821A~ң��~�����й����,3#ѭ��ˮ��153����~WDH-821A~ң��~�����й����,1,1
255,3#ѭ��ˮ��153����~WDH-821A~ң��~�����й����,3#ѭ��ˮ��153����~WDH-821A~ң��~�����й����,3#ѭ��ˮ��153����~WDH-821A~ң��~�����й����,1,1
256,3#ѭ��ˮ��153����~WDH-821A~ң��~�����޹����,3#ѭ��ˮ��153����~WDH-821A~ң��~�����޹����,3#ѭ��ˮ��153����~WDH-821A~ң��~�����޹����,1,1
257,3#ѭ��ˮ��153����~WDH-821A~ң��~�ӵص���λ,3#ѭ��ˮ��153����~WDH-821A~ң��~�ӵص���λ,3#ѭ��ˮ��153����~WDH-821A~ң��~�ӵص���λ,1,1
258,3#ѭ��ˮ��153����~WDH-821A~ң��~��λ,3#ѭ��ˮ��153����~WDH-821A~ң��~��λ,3#ѭ��ˮ��153����~WDH-821A~ң��~��λ,1,1
259,3#ѭ��ˮ��153����~WDH-821A~ң��~��λ,3#ѭ��ˮ��153����~WDH-821A~ң��~��λ,3#ѭ��ˮ��153����~WDH-821A~ң��~��λ,1,1
260,3#ѭ��ˮ��153����~WDH-821A~ң��~�ֳ�����λ��,3#ѭ��ˮ��153����~WDH-821A~ң��~�ֳ�����λ��,3#ѭ��ˮ��153����~WDH-821A~ң��~�ֳ�����λ��,1,1
261,3#ѭ��ˮ��153����~WDH-821A~ң��~�ֳ�����λ��,3#ѭ��ˮ��153����~WDH-821A~ң��~�ֳ�����λ��,3#ѭ��ˮ��153����~WDH-821A~ң��~�ֳ�����λ��,1,1
262,3#ѭ��ˮ��153����~WDH-821A~ң��~COS,3#ѭ��ˮ��153����~WDH-821A~ң��~COS,3#ѭ��ˮ��153����~WDH-821A~ң��~COS,1,1
263,3#ѭ��ˮ��153����~WDH-821A~ң��~Q,3#ѭ��ˮ��153����~WDH-821A~ң��~Q,3#ѭ��ˮ��153����~WDH-821A~ң��~Q,1,1
264,3#ѭ��ˮ��153����~WDH-821A~ң��~P,3#ѭ��ˮ��153����~WDH-821A~ң��~P,3#ѭ��ˮ��153����~WDH-821A~ң��~P,1,1
265,3#ѭ��ˮ��153����~WDH-821A~ң��~IC,3#ѭ��ˮ��153����~WDH-821A~ң��~IC,3#ѭ��ˮ��153����~WDH-821A~ң��~IC,1,1
266,3#ѭ��ˮ��153����~WDH-821A~ң��~IA,3#ѭ��ˮ��153����~WDH-821A~ң��~IA,3#ѭ��ˮ��153����~WDH-821A~ң��~IA,1,1
267,1#����121����~WDH-821A~ң��~COS,1#����121����~WDH-821A~ң��~COS,1#����121����~WDH-821A~ң��~COS,1,1
268,1#����121����~WDH-821A~ң��~Q,1#����121����~WDH-821A~ң��~Q,1#����121����~WDH-821A~ң��~Q,1,1
269,1#����121����~WDH-821A~ң��~P,1#����121����~WDH-821A~ң��~P,1#����121����~WDH-821A~ң��~P,1,1
270,1#����121����~WDH-821A~ң��~IC,1#����121����~WDH-821A~ң��~IC,1#����121����~WDH-821A~ң��~IC,1,1
271,1#����121����~WDH-821A~ң��~IA,1#����121����~WDH-821A~ң��~IA,1#����121����~WDH-821A~ң��~IA,1,1
272,1#����121����~WDH-821A~ң��~�ֳ�����λ��,1#����121����~WDH-821A~ң��~�ֳ�����λ��,1#����121����~WDH-821A~ң��~�ֳ�����λ��,1,1
273,1#����121����~WDH-821A~ң��~�ֳ�����λ��,1#����121����~WDH-821A~ң��~�ֳ�����λ��,1#����121����~WDH-821A~ң��~�ֳ�����λ��,1,1
274,1#����121����~WDH-821A~ң��~��λ,1#����121����~WDH-821A~ң��~��λ,1#����121����~WDH-821A~ң��~��λ,1,1
275,1#����121����~WDH-821A~ң��~��λ,1#����121����~WDH-821A~ң��~��λ,1#����121����~WDH-821A~ң��~��λ,1,1
276,1#����121����~WDH-821A~ң��~�ӵص���λ,1#����121����~WDH-821A~ң��~�ӵص���λ,1#����121����~WDH-821A~ң��~�ӵص���λ,1,1
277,1#����121����~WDH-821A~ң��~�����޹����,1#����121����~WDH-821A~ң��~�����޹����,1#����121����~WDH-821A~ң��~�����޹����,1,1
278,1#����121����~WDH-821A~ң��~�����й����,1#����121����~WDH-821A~ң��~�����й����,1#����121����~WDH-821A~ң��~�����й����,1,1
279,1#����121����~WDH-821A~ң��~�����й����,1#����121����~WDH-821A~ң��~�����й����,1#����121����~WDH-821A~ң��~�����й����,1,1
280,1#����121����~WDH-821A~ң��~�����޹����,1#����121����~WDH-821A~ң��~�����޹����,1#����121����~WDH-821A~ң��~�����޹����,1,1
281,3#����123����~WDH-821A~ң��~�����޹����,3#����123����~WDH-821A~ң��~�����޹����,3#����123����~WDH-821A~ң��~�����޹����,1,1
282,3#����123����~WDH-821A~ң��~�����й����,3#����123����~WDH-821A~ң��~�����й����,3#����123����~WDH-821A~ң��~�����й����,1,1
283,3#����123����~WDH-821A~ң��~�����й����,3#����123����~WDH-821A~ң��~�����й����,3#����123����~WDH-821A~ң��~�����й����,1,1
284,3#����123����~WDH-821A~ң��~�����޹����,3#����123����~WDH-821A~ң��~�����޹����,3#����123����~WDH-821A~ң��~�����޹����,1,1
285,3#����123����~WDH-821A~ң��~�ӵص���λ,3#����123����~WDH-821A~ң��~�ӵص���λ,3#����123����~WDH-821A~ң��~�ӵص���λ,1,1
286,3#����123����~WDH-821A~ң��~��λ,3#����123����~WDH-821A~ң��~��λ,3#����123����~WDH-821A~ң��~��λ,1,1
287,3#����123����~WDH-821A~ң��~��λ,3#����123����~WDH-821A~ң��~��λ,3#����123����~WDH-821A~ң��~��λ,1,1
288,3#����123����~WDH-821A~ң��~�ֳ�����λ��,3#����123����~WDH-821A~ң��~�ֳ�����λ��,3#����123����~WDH-821A~ң��~�ֳ�����λ��,1,1
289,3#����123����~WDH-821A~ң��~�ֳ�����λ��,3#����123����~WDH-821A~ң��~�ֳ�����λ��,3#����123����~WDH-821A~ң��~�ֳ�����λ��,1,1
290,3#����123����~WDH-821A~ң��~COS,3#����123����~WDH-821A~ң��~COS,3#����123����~WDH-821A~ң��~COS,1,1
291,3#����123����~WDH-821A~ң��~Q,3#����123����~WDH-821A~ң��~Q,3#����123����~WDH-821A~ң��~Q,1,1
292,3#����123����~WDH-821A~ң��~P,3#����123����~WDH-821A~ң��~P,3#����123����~WDH-821A~ң��~P,1,1
293,3#����123����~WDH-821A~ң��~IC,3#����123����~WDH-821A~ң��~IC,3#����123����~WDH-821A~ң��~IC,1,1
294,3#����123����~WDH-821A~ң��~IA,3#����123����~WDH-821A~ң��~IA,3#����123����~WDH-821A~ң��~IA,1,1
295,5#ѭ��ˮ��155����~WDH-821A~ң��~�����޹����,5#ѭ��ˮ��155����~WDH-821A~ң��~�����޹����,5#ѭ��ˮ��155����~WDH-821A~ң��~�����޹����,1,1
296,5#ѭ��ˮ��155����~WDH-821A~ң��~�����й����,5#ѭ��ˮ��155����~WDH-821A~ң��~�����й����,5#ѭ��ˮ��155����~WDH-821A~ң��~�����й����,1,1
297,5#ѭ��ˮ��155����~WDH-821A~ң��~�����й����,5#ѭ��ˮ��155����~WDH-821A~ң��~�����й����,5#ѭ��ˮ��155����~WDH-821A~ң��~�����й����,1,1
298,5#ѭ��ˮ��155����~WDH-821A~ң��~�����޹����,5#ѭ��ˮ��155����~WDH-821A~ң��~�����޹����,5#ѭ��ˮ��155����~WDH-821A~ң��~�����޹����,1,1
299,5#ѭ��ˮ��155����~WDH-821A~ң��~�ӵص���λ,5#ѭ��ˮ��155����~WDH-821A~ң��~�ӵص���λ,5#ѭ��ˮ��155����~WDH-821A~ң��~�ӵص���λ,1,1
300,5#ѭ��ˮ��155����~WDH-821A~ң��~��λ,5#ѭ��ˮ��155����~WDH-821A~ң��~��λ,5#ѭ��ˮ��155����~WDH-821A~ң��~��λ,1,1
301,5#ѭ��ˮ��155����~WDH-821A~ң��~��λ,5#ѭ��ˮ��155����~WDH-821A~ң��~��λ,5#ѭ��ˮ��155����~WDH-821A~ң��~��λ,1,1
302,5#ѭ��ˮ��155����~WDH-821A~ң��~�ֳ�����λ��,5#ѭ��ˮ��155����~WDH-821A~ң��~�ֳ�����λ��,5#ѭ��ˮ��155����~WDH-821A~ң��~�ֳ�����λ��,1,1
303,5#ѭ��ˮ��155����~WDH-821A~ң��~�ֳ�����λ��,5#ѭ��ˮ��155����~WDH-821A~ң��~�ֳ�����λ��,5#ѭ��ˮ��155����~WDH-821A~ң��~�ֳ�����λ��,1,1
304,5#ѭ��ˮ��155����~WDH-821A~ң��~COS,5#ѭ��ˮ��155����~WDH-821A~ң��~COS,5#ѭ��ˮ��155����~WDH-821A~ң��~COS,1,1
305,5#ѭ��ˮ��155����~WDH-821A~ң��~Q,5#ѭ��ˮ��155����~WDH-821A~ң��~Q,5#ѭ��ˮ��155����~WDH-821A~ң��~Q,1,1
306,5#ѭ��ˮ��155����~WDH-821A~ң��~P,5#ѭ��ˮ��155����~WDH-821A~ң��~P,5#ѭ��ˮ��155����~WDH-821A~ң��~P,1,1
307,5#ѭ��ˮ��155����~WDH-821A~ң��~IC,5#ѭ��ˮ��155����~WDH-821A~ң��~IC,5#ѭ��ˮ��155����~WDH-821A~ң��~IC,1,1
308,5#ѭ��ˮ��155����~WDH-821A~ң��~IA,5#ѭ��ˮ��155����~WDH-821A~ң��~IA,5#ѭ��ˮ��155����~WDH-821A~ң��~IA,1,1
309,1#��ˮ��131����~WDH-821A~ң��~COS,1#��ˮ��131����~WDH-821A~ң��~COS,1#��ˮ��131����~WDH-821A~ң��~COS,1,1
310,1#��ˮ��131����~WDH-821A~ң��~Q,1#��ˮ��131����~WDH-821A~ң��~Q,1#��ˮ��131����~WDH-821A~ң��~Q,1,1
311,1#��ˮ��131����~WDH-821A~ң��~P,1#��ˮ��131����~WDH-821A~ң��~P,1#��ˮ��131����~WDH-821A~ң��~P,1,1
312,1#��ˮ��131����~WDH-821A~ң��~IC,1#��ˮ��131����~WDH-821A~ң��~IC,1#��ˮ��131����~WDH-821A~ң��~IC,1,1
313,1#��ˮ��131����~WDH-821A~ң��~IA,1#��ˮ��131����~WDH-821A~ң��~IA,1#��ˮ��131����~WDH-821A~ң��~IA,1,1
314,1#��ˮ��131����~WDH-821A~ң��~�ֳ�����λ��,1#��ˮ��131����~WDH-821A~ң��~�ֳ�����λ��,1#��ˮ��131����~WDH-821A~ң��~�ֳ�����λ��,1,1
315,1#��ˮ��131����~WDH-821A~ң��~�ֳ�����λ��,1#��ˮ��131����~WDH-821A~ң��~�ֳ�����λ��,1#��ˮ��131����~WDH-821A~ң��~�ֳ�����λ��,1,1
316,1#��ˮ��131����~WDH-821A~ң��~��λ,1#��ˮ��131����~WDH-821A~ң��~��λ,1#��ˮ��131����~WDH-821A~ң��~��λ,1,1
317,1#��ˮ��131����~WDH-821A~ң��~��λ,1#��ˮ��131����~WDH-821A~ң��~��λ,1#��ˮ��131����~WDH-821A~ң��~��λ,1,1
318,1#��ˮ��131����~WDH-821A~ң��~�ӵص���λ,1#��ˮ��131����~WDH-821A~ң��~�ӵص���λ,1#��ˮ��131����~WDH-821A~ң��~�ӵص���λ,1,1
319,1#��ˮ��131����~WDH-821A~ң��~�����޹����,1#��ˮ��131����~WDH-821A~ң��~�����޹����,1#��ˮ��131����~WDH-821A~ң��~�����޹����,1,1
320,1#��ˮ��131����~WDH-821A~ң��~�����й����,1#��ˮ��131����~WDH-821A~ң��~�����й����,1#��ˮ��131����~WDH-821A~ң��~�����й����,1,1
321,1#��ˮ��131����~WDH-821A~ң��~�����й����,1#��ˮ��131����~WDH-821A~ң��~�����й����,1#��ˮ��131����~WDH-821A~ң��~�����й����,1,1
322,1#��ˮ��131����~WDH-821A~ң��~�����޹����,1#��ˮ��131����~WDH-821A~ң��~�����޹����,1#��ˮ��131����~WDH-821A~ң��~�����޹����,1,1
323,��ˮ��ѹ��165����~WCB-821A~ң��~�����޹����,��ˮ��ѹ��165����~WCB-821A~ң��~�����޹����,��ˮ��ѹ��165����~WCB-821A~ң��~�����޹����,1,1
324,��ˮ��ѹ��165����~WCB-821A~ң��~�����й����,��ˮ��ѹ��165����~WCB-821A~ң��~�����й����,��ˮ��ѹ��165����~WCB-821A~ң��~�����й����,1,1
325,��ˮ��ѹ��165����~WCB-821A~ң��~�����й����,��ˮ��ѹ��165����~WCB-821A~ң��~�����й����,��ˮ��ѹ��165����~WCB-821A~ң��~�����й����,1,1
326,��ˮ��ѹ��165����~WCB-821A~ң��~�����޹����,��ˮ��ѹ��165����~WCB-821A~ң��~�����޹����,��ˮ��ѹ��165����~WCB-821A~ң��~�����޹����,1,1
327,��ˮ��ѹ��165����~WCB-821A~ң��~�ӵص���λ,��ˮ��ѹ��165����~WCB-821A~ң��~�ӵص���λ,��ˮ��ѹ��165����~WCB-821A~ң��~�ӵص���λ,1,1
328,��ˮ��ѹ��165����~WCB-821A~ң��~��λ,��ˮ��ѹ��165����~WCB-821A~ң��~��λ,��ˮ��ѹ��165����~WCB-821A~ң��~��λ,1,1
329,��ˮ��ѹ��165����~WCB-821A~ң��~��λ,��ˮ��ѹ��165����~WCB-821A~ң��~��λ,��ˮ��ѹ��165����~WCB-821A~ң��~��λ,1,1
330,��ˮ��ѹ��165����~WCB-821A~ң��~�ֳ�����λ��,��ˮ��ѹ��165����~WCB-821A~ң��~�ֳ�����λ��,��ˮ��ѹ��165����~WCB-821A~ң��~�ֳ�����λ��,1,1
331,��ˮ��ѹ��165����~WCB-821A~ң��~�ֳ�����λ��,��ˮ��ѹ��165����~WCB-821A~ң��~�ֳ�����λ��,��ˮ��ѹ��165����~WCB-821A~ң��~�ֳ�����λ��,1,1
332,��ˮ��ѹ��165����~WCB-821A~ң��~COS,��ˮ��ѹ��165����~WCB-821A~ң��~COS,��ˮ��ѹ��165����~WCB-821A~ң��~COS,1,1
333,��ˮ��ѹ��165����~WCB-821A~ң��~Q,��ˮ��ѹ��165����~WCB-821A~ң��~Q,��ˮ��ѹ��165����~WCB-821A~ң��~Q,1,1
334,��ˮ��ѹ��165����~WCB-821A~ң��~P,��ˮ��ѹ��165����~WCB-821A~ң��~P,��ˮ��ѹ��165����~WCB-821A~ң��~P,1,1
335,��ˮ��ѹ��165����~WCB-821A~ң��~IC,��ˮ��ѹ��165����~WCB-821A~ң��~IC,��ˮ��ѹ��165����~WCB-821A~ң��~IC,1,1
336,��ˮ��ѹ��165����~WCB-821A~ң��~IA,��ˮ��ѹ��165����~WCB-821A~ң��~IA,��ˮ��ѹ��165����~WCB-821A~ң��~IA,1,1
337,10kV I��ĸ��110����~WCH-821A~ң��~IB,10kV I��ĸ��110����~WCH-821A~ң��~IB,10kV I��ĸ��110����~WCH-821A~ң��~IB,1,1
338,10kV I��ĸ��110����~WCH-821A~ң��~IC,10kV I��ĸ��110����~WCH-821A~ң��~IC,10kV I��ĸ��110����~WCH-821A~ң��~IC,1,1
339,10kV I��ĸ��110����~WCH-821A~ң��~Q,10kV I��ĸ��110����~WCH-821A~ң��~Q,10kV I��ĸ��110����~WCH-821A~ң��~Q,1,1
340,10kV I��ĸ��110����~WCH-821A~ң��~IA,10kV I��ĸ��110����~WCH-821A~ң��~IA,10kV I��ĸ��110����~WCH-821A~ң��~IA,1,1
341,10kV I��ĸ��110����~WCH-821A~ң��~P,10kV I��ĸ��110����~WCH-821A~ң��~P,10kV I��ĸ��110����~WCH-821A~ң��~P,1,1
342,10kV I��ĸ��110����~WCH-821A~ң��~COS,10kV I��ĸ��110����~WCH-821A~ң��~COS,10kV I��ĸ��110����~WCH-821A~ң��~COS,1,1
343,10kV I��ĸ��110����~WCH-821A~ң��~�ֳ�����λ��,10kV I��ĸ��110����~WCH-821A~ң��~�ֳ�����λ��,10kV I��ĸ��110����~WCH-821A~ң��~�ֳ�����λ��,1,1
344,10kV I��ĸ��110����~WCH-821A~ң��~�ֳ�����λ��,10kV I��ĸ��110����~WCH-821A~ң��~�ֳ�����λ��,10kV I��ĸ��110����~WCH-821A~ң��~�ֳ�����λ��,1,1
345,10kV I��ĸ��110����~WCH-821A~ң��~��λ,10kV I��ĸ��110����~WCH-821A~ң��~��λ,10kV I��ĸ��110����~WCH-821A~ң��~��λ,1,1
346,10kV I��ĸ��110����~WCH-821A~ң��~��λ,10kV I��ĸ��110����~WCH-821A~ң��~��λ,10kV I��ĸ��110����~WCH-821A~ң��~��λ,1,1
347,10kV I��ĸ��110����~WCH-821A~ң��~�ӵص���λ,10kV I��ĸ��110����~WCH-821A~ң��~�ӵص���λ,10kV I��ĸ��110����~WCH-821A~ң��~�ӵص���λ,1,1
348,10kV I��ĸ��110����~WCH-821A~ң��~�����޹����,10kV I��ĸ��110����~WCH-821A~ң��~�����޹����,10kV I��ĸ��110����~WCH-821A~ң��~�����޹����,1,1
349,10kV I��ĸ��110����~WCH-821A~ң��~�����й����,10kV I��ĸ��110����~WCH-821A~ң��~�����й����,10kV I��ĸ��110����~WCH-821A~ң��~�����й����,1,1
350,10kV I��ĸ��110����~WCH-821A~ң��~�����й����,10kV I��ĸ��110����~WCH-821A~ң��~�����й����,10kV I��ĸ��110����~WCH-821A~ң��~�����й����,1,1
351,10kV I��ĸ��110����~WCH-821A~ң��~�����޹����,10kV I��ĸ��110����~WCH-821A~ң��~�����޹����,10kV I��ĸ��110����~WCH-821A~ң��~�����޹����,1,1
352,1#�����ѹ��161����~WCB-821A~ң��~�����޹����,1#�����ѹ��161����~WCB-821A~ң��~�����޹����,1#�����ѹ��161����~WCB-821A~ң��~�����޹����,1,1
353,1#�����ѹ��161����~WCB-821A~ң��~�����й����,1#�����ѹ��161����~WCB-821A~ң��~�����й����,1#�����ѹ��161����~WCB-821A~ң��~�����й����,1,1
354,1#�����ѹ��161����~WCB-821A~ң��~�����й����,1#�����ѹ��161����~WCB-821A~ң��~�����й����,1#�����ѹ��161����~WCB-821A~ң��~�����й����,1,1
355,1#�����ѹ��161����~WCB-821A~ң��~�����޹����,1#�����ѹ��161����~WCB-821A~ң��~�����޹����,1#�����ѹ��161����~WCB-821A~ң��~�����޹����,1,1
356,1#�����ѹ��161����~WCB-821A~ң��~�ӵص���λ,1#�����ѹ��161����~WCB-821A~ң��~�ӵص���λ,1#�����ѹ��161����~WCB-821A~ң��~�ӵص���λ,1,1
357,1#�����ѹ��161����~WCB-821A~ң��~��λ,1#�����ѹ��161����~WCB-821A~ң��~��λ,1#�����ѹ��161����~WCB-821A~ң��~��λ,1,1
358,1#�����ѹ��161����~WCB-821A~ң��~��λ,1#�����ѹ��161����~WCB-821A~ң��~��λ,1#�����ѹ��161����~WCB-821A~ң��~��λ,1,1
359,1#�����ѹ��161����~WCB-821A~ң��~�ֳ�����λ��,1#�����ѹ��161����~WCB-821A~ң��~�ֳ�����λ��,1#�����ѹ��161����~WCB-821A~ң��~�ֳ�����λ��,1,1
360,1#�����ѹ��161����~WCB-821A~ң��~�ֳ�����λ��,1#�����ѹ��161����~WCB-821A~ң��~�ֳ�����λ��,1#�����ѹ��161����~WCB-821A~ң��~�ֳ�����λ��,1,1
361,1#�����ѹ��161����~WCB-821A~ң��~COS,1#�����ѹ��161����~WCB-821A~ң��~COS,1#�����ѹ��161����~WCB-821A~ң��~COS,1,1
362,1#�����ѹ��161����~WCB-821A~ң��~Q,1#�����ѹ��161����~WCB-821A~ң��~Q,1#�����ѹ��161����~WCB-821A~ң��~Q,1,1
363,1#�����ѹ��161����~WCB-821A~ң��~P,1#�����ѹ��161����~WCB-821A~ң��~P,1#�����ѹ��161����~WCB-821A~ң��~P,1,1
364,1#�����ѹ��161����~WCB-821A~ң��~IC,1#�����ѹ��161����~WCB-821A~ң��~IC,1#�����ѹ��161����~WCB-821A~ң��~IC,1,1
365,1#�����ѹ��161����~WCB-821A~ң��~IA,1#�����ѹ��161����~WCB-821A~ң��~IA,1#�����ѹ��161����~WCB-821A~ң��~IA,1,1
366,3#�����ѹ��163����~WCB-821A~ң��~�����޹����,3#�����ѹ��163����~WCB-821A~ң��~�����޹����,3#�����ѹ��163����~WCB-821A~ң��~�����޹����,1,1
367,3#�����ѹ��163����~WCB-821A~ң��~�����й����,3#�����ѹ��163����~WCB-821A~ң��~�����й����,3#�����ѹ��163����~WCB-821A~ң��~�����й����,1,1
368,3#�����ѹ��163����~WCB-821A~ң��~�����й����,3#�����ѹ��163����~WCB-821A~ң��~�����й����,3#�����ѹ��163����~WCB-821A~ң��~�����й����,1,1
369,3#�����ѹ��163����~WCB-821A~ң��~�����޹����,3#�����ѹ��163����~WCB-821A~ң��~�����޹����,3#�����ѹ��163����~WCB-821A~ң��~�����޹����,1,1
370,3#�����ѹ��163����~WCB-821A~ң��~�ӵص���λ,3#�����ѹ��163����~WCB-821A~ң��~�ӵص���λ,3#�����ѹ��163����~WCB-821A~ң��~�ӵص���λ,1,1
371,3#�����ѹ��163����~WCB-821A~ң��~��λ,3#�����ѹ��163����~WCB-821A~ң��~��λ,3#�����ѹ��163����~WCB-821A~ң��~��λ,1,1
372,3#�����ѹ��163����~WCB-821A~ң��~��λ,3#�����ѹ��163����~WCB-821A~ң��~��λ,3#�����ѹ��163����~WCB-821A~ң��~��λ,1,1
373,3#�����ѹ��163����~WCB-821A~ң��~�ֳ�����λ��,3#�����ѹ��163����~WCB-821A~ң��~�ֳ�����λ��,3#�����ѹ��163����~WCB-821A~ң��~�ֳ�����λ��,1,1
374,3#�����ѹ��163����~WCB-821A~ң��~�ֳ�����λ��,3#�����ѹ��163����~WCB-821A~ң��~�ֳ�����λ��,3#�����ѹ��163����~WCB-821A~ң��~�ֳ�����λ��,1,1
375,3#�����ѹ��163����~WCB-821A~ң��~COS,3#�����ѹ��163����~WCB-821A~ң��~COS,3#�����ѹ��163����~WCB-821A~ң��~COS,1,1
376,3#�����ѹ��163����~WCB-821A~ң��~Q,3#�����ѹ��163����~WCB-821A~ң��~Q,3#�����ѹ��163����~WCB-821A~ң��~Q,1,1
377,3#�����ѹ��163����~WCB-821A~ң��~P,3#�����ѹ��163����~WCB-821A~ң��~P,3#�����ѹ��163����~WCB-821A~ң��~P,1,1
378,3#�����ѹ��163����~WCB-821A~ң��~IC,3#�����ѹ��163����~WCB-821A~ң��~IC,3#�����ѹ��163����~WCB-821A~ң��~IC,1,1
379,3#�����ѹ��163����~WCB-821A~ң��~IA,3#�����ѹ��163����~WCB-821A~ң��~IA,3#�����ѹ��163����~WCB-821A~ң��~IA,1,1
380,0#�����ѹ��160����~WCB-821A~ң��~�����޹����,0#�����ѹ��160����~WCB-821A~ң��~�����޹����,0#�����ѹ��160����~WCB-821A~ң��~�����޹����,1,1
381,0#�����ѹ��160����~WCB-821A~ң��~�����й����,0#�����ѹ��160����~WCB-821A~ң��~�����й����,0#�����ѹ��160����~WCB-821A~ң��~�����й����,1,1
382,0#�����ѹ��160����~WCB-821A~ң��~�����й����,0#�����ѹ��160����~WCB-821A~ң��~�����й����,0#�����ѹ��160����~WCB-821A~ң��~�����й����,1,1
383,0#�����ѹ��160����~WCB-821A~ң��~�����޹����,0#�����ѹ��160����~WCB-821A~ң��~�����޹����,0#�����ѹ��160����~WCB-821A~ң��~�����޹����,1,1
384,0#�����ѹ��160����~WCB-821A~ң��~�ӵص���λ,0#�����ѹ��160����~WCB-821A~ң��~�ӵص���λ,0#�����ѹ��160����~WCB-821A~ң��~�ӵص���λ,1,1
385,0#�����ѹ��160����~WCB-821A~ң��~��λ,0#�����ѹ��160����~WCB-821A~ң��~��λ,0#�����ѹ��160����~WCB-821A~ң��~��λ,1,1
386,0#�����ѹ��160����~WCB-821A~ң��~��λ,0#�����ѹ��160����~WCB-821A~ң��~��λ,0#�����ѹ��160����~WCB-821A~ң��~��λ,1,1
387,0#�����ѹ��160����~WCB-821A~ң��~�ֳ�����λ��,0#�����ѹ��160����~WCB-821A~ң��~�ֳ�����λ��,0#�����ѹ��160����~WCB-821A~ң��~�ֳ�����λ��,1,1
388,0#�����ѹ��160����~WCB-821A~ң��~�ֳ�����λ��,0#�����ѹ��160����~WCB-821A~ң��~�ֳ�����λ��,0#�����ѹ��160����~WCB-821A~ң��~�ֳ�����λ��,1,1
389,0#�����ѹ��160����~WCB-821A~ң��~COS,0#�����ѹ��160����~WCB-821A~ң��~COS,0#�����ѹ��160����~WCB-821A~ң��~COS,1,1
390,0#�����ѹ��160����~WCB-821A~ң��~P,0#�����ѹ��160����~WCB-821A~ң��~P,0#�����ѹ��160����~WCB-821A~ң��~P,1,1
391,0#�����ѹ��160����~WCB-821A~ң��~IA,0#�����ѹ��160����~WCB-821A~ң��~IA,0#�����ѹ��160����~WCB-821A~ң��~IA,1,1
392,0#�����ѹ��160����~WCB-821A~ң��~Q,0#�����ѹ��160����~WCB-821A~ң��~Q,0#�����ѹ��160����~WCB-821A~ң��~Q,1,1
393,0#�����ѹ��160����~WCB-821A~ң��~IC,0#�����ѹ��160����~WCB-821A~ң��~IC,0#�����ѹ��160����~WCB-821A~ң��~IC,1,1
394,10kV������Դ170����~WXH-821A~ң��~�����޹����,10kV������Դ170����~WXH-821A~ң��~�����޹����,10kV������Դ170����~WXH-821A~ң��~�����޹����,1,1
395,10kV������Դ170����~WXH-821A~ң��~�����й����,10kV������Դ170����~WXH-821A~ң��~�����й����,10kV������Դ170����~WXH-821A~ң��~�����й����,1,1
396,10kV������Դ170����~WXH-821A~ң��~�����й����,10kV������Դ170����~WXH-821A~ң��~�����й����,10kV������Դ170����~WXH-821A~ң��~�����й����,1,1
397,10kV������Դ170����~WXH-821A~ң��~�����޹����,10kV������Դ170����~WXH-821A~ң��~�����޹����,10kV������Դ170����~WXH-821A~ң��~�����޹����,1,1
398,10kV������Դ170����~WXH-821A~ң��~1701����λ��,10kV������Դ170����~WXH-821A~ң��~1701����λ��,10kV������Դ170����~WXH-821A~ң��~1701����λ��,1,1
399,10kV������Դ170����~WXH-821A~ң��~1701����λ��,10kV������Դ170����~WXH-821A~ң��~1701����λ��,10kV������Դ170����~WXH-821A~ң��~1701����λ��,1,1
400,10kV������Դ170����~WXH-821A~ң��~�ӵص���λ,10kV������Դ170����~WXH-821A~ң��~�ӵص���λ,10kV������Դ170����~WXH-821A~ң��~�ӵص���λ,1,1
401,10kV������Դ170����~WXH-821A~ң��~��λ,10kV������Դ170����~WXH-821A~ң��~��λ,10kV������Դ170����~WXH-821A~ң��~��λ,1,1
402,10kV������Դ170����~WXH-821A~ң��~��λ,10kV������Դ170����~WXH-821A~ң��~��λ,10kV������Դ170����~WXH-821A~ң��~��λ,1,1
403,10kV������Դ170����~WXH-821A~ң��~�ֳ�����λ��,10kV������Դ170����~WXH-821A~ң��~�ֳ�����λ��,10kV������Դ170����~WXH-821A~ң��~�ֳ�����λ��,1,1
404,10kV������Դ170����~WXH-821A~ң��~�ֳ�����λ��,10kV������Դ170����~WXH-821A~ң��~�ֳ�����λ��,10kV������Դ170����~WXH-821A~ң��~�ֳ�����λ��,1,1
405,10kV������Դ170����~WXH-821A~ң��~COS,10kV������Դ170����~WXH-821A~ң��~COS,10kV������Դ170����~WXH-821A~ң��~COS,1,1
406,10kV������Դ170����~WXH-821A~ң��~P,10kV������Դ170����~WXH-821A~ң��~P,10kV������Դ170����~WXH-821A~ң��~P,1,1
407,10kV������Դ170����~WXH-821A~ң��~IA,10kV������Դ170����~WXH-821A~ң��~IA,10kV������Դ170����~WXH-821A~ң��~IA,1,1
408,10kV������Դ170����~WXH-821A~ң��~Q,10kV������Դ170����~WXH-821A~ң��~Q,10kV������Դ170����~WXH-821A~ң��~Q,1,1
409,10kV������Դ170����~WXH-821A~ң��~IC,10kV������Դ170����~WXH-821A~ң��~IC,10kV������Դ170����~WXH-821A~ң��~IC,1,1
410,10kV������Դ170����~WXH-821A~ң��~IB,10kV������Դ170����~WXH-821A~ң��~IB,10kV������Դ170����~WXH-821A~ң��~IB,1,1
411,10kV II��ĸ��120����~WCH-821A~ң��~�����޹����,10kV II��ĸ��120����~WCH-821A~ң��~�����޹����,10kV II��ĸ��120����~WCH-821A~ң��~�����޹����,1,1
412,10kV II��ĸ��120����~WCH-821A~ң��~�����й����,10kV II��ĸ��120����~WCH-821A~ң��~�����й����,10kV II��ĸ��120����~WCH-821A~ң��~�����й����,1,1
413,10kV II��ĸ��120����~WCH-821A~ң��~�����й����,10kV II��ĸ��120����~WCH-821A~ң��~�����й����,10kV II��ĸ��120����~WCH-821A~ң��~�����й����,1,1
414,10kV II��ĸ��120����~WCH-821A~ң��~�����޹����,10kV II��ĸ��120����~WCH-821A~ң��~�����޹����,10kV II��ĸ��120����~WCH-821A~ң��~�����޹����,1,1
415,10kV II��ĸ��120����~WCH-821A~ң��~�ӵص���λ,10kV II��ĸ��120����~WCH-821A~ң��~�ӵص���λ,10kV II��ĸ��120����~WCH-821A~ң��~�ӵص���λ,1,1
416,10kV II��ĸ��120����~WCH-821A~ң��~��λ,10kV II��ĸ��120����~WCH-821A~ң��~��λ,10kV II��ĸ��120����~WCH-821A~ң��~��λ,1,1
417,10kV II��ĸ��120����~WCH-821A~ң��~��λ,10kV II��ĸ��120����~WCH-821A~ң��~��λ,10kV II��ĸ��120����~WCH-821A~ң��~��λ,1,1
418,10kV II��ĸ��120����~WCH-821A~ң��~�ֳ�����λ��,10kV II��ĸ��120����~WCH-821A~ң��~�ֳ�����λ��,10kV II��ĸ��120����~WCH-821A~ң��~�ֳ�����λ��,1,1
419,10kV II��ĸ��120����~WCH-821A~ң��~�ֳ�����λ��,10kV II��ĸ��120����~WCH-821A~ң��~�ֳ�����λ��,10kV II��ĸ��120����~WCH-821A~ң��~�ֳ�����λ��,1,1
420,10kV II��ĸ��120����~WCH-821A~ң��~COS,10kV II��ĸ��120����~WCH-821A~ң��~COS,10kV II��ĸ��120����~WCH-821A~ң��~COS,1,1
421,10kV II��ĸ��120����~WCH-821A~ң��~P,10kV II��ĸ��120����~WCH-821A~ң��~P,10kV II��ĸ��120����~WCH-821A~ң��~P,1,1
422,10kV II��ĸ��120����~WCH-821A~ң��~IA,10kV II��ĸ��120����~WCH-821A~ң��~IA,10kV II��ĸ��120����~WCH-821A~ң��~IA,1,1
423,10kV II��ĸ��120����~WCH-821A~ң��~Q,10kV II��ĸ��120����~WCH-821A~ң��~Q,10kV II��ĸ��120����~WCH-821A~ң��~Q,1,1
424,10kV II��ĸ��120����~WCH-821A~ң��~IC,10kV II��ĸ��120����~WCH-821A~ң��~IC,10kV II��ĸ��120����~WCH-821A~ң��~IC,1,1
425,10kV II��ĸ��120����~WCH-821A~ң��~IB,10kV II��ĸ��120����~WCH-821A~ң��~IB,10kV II��ĸ��120����~WCH-821A~ң��~IB,1,1
426,3#��ˮ��133����~WDH-821A~ң��~�����޹����,3#��ˮ��133����~WDH-821A~ң��~�����޹����,3#��ˮ��133����~WDH-821A~ң��~�����޹����,1,1
427,3#��ˮ��133����~WDH-821A~ң��~�����й����,3#��ˮ��133����~WDH-821A~ң��~�����й����,3#��ˮ��133����~WDH-821A~ң��~�����й����,1,1
428,3#��ˮ��133����~WDH-821A~ң��~�����й����,3#��ˮ��133����~WDH-821A~ң��~�����й����,3#��ˮ��133����~WDH-821A~ң��~�����й����,1,1
429,3#��ˮ��133����~WDH-821A~ң��~�����޹����,3#��ˮ��133����~WDH-821A~ң��~�����޹����,3#��ˮ��133����~WDH-821A~ң��~�����޹����,1,1
430,3#��ˮ��133����~WDH-821A~ң��~�ӵص���λ,3#��ˮ��133����~WDH-821A~ң��~�ӵص���λ,3#��ˮ��133����~WDH-821A~ң��~�ӵص���λ,1,1
431,3#��ˮ��133����~WDH-821A~ң��~��λ,3#��ˮ��133����~WDH-821A~ң��~��λ,3#��ˮ��133����~WDH-821A~ң��~��λ,1,1
432,3#��ˮ��133����~WDH-821A~ң��~��λ,3#��ˮ��133����~WDH-821A~ң��~��λ,3#��ˮ��133����~WDH-821A~ң��~��λ,1,1
433,3#��ˮ��133����~WDH-821A~ң��~�ֳ�����λ��,3#��ˮ��133����~WDH-821A~ң��~�ֳ�����λ��,3#��ˮ��133����~WDH-821A~ң��~�ֳ�����λ��,1,1
434,3#��ˮ��133����~WDH-821A~ң��~�ֳ�����λ��,3#��ˮ��133����~WDH-821A~ң��~�ֳ�����λ��,3#��ˮ��133����~WDH-821A~ң��~�ֳ�����λ��,1,1
435,3#��ˮ��133����~WDH-821A~ң��~IA,3#��ˮ��133����~WDH-821A~ң��~IA,3#��ˮ��133����~WDH-821A~ң��~IA,1,1
436,3#��ˮ��133����~WDH-821A~ң��~IC,3#��ˮ��133����~WDH-821A~ң��~IC,3#��ˮ��133����~WDH-821A~ң��~IC,1,1
437,3#��ˮ��133����~WDH-821A~ң��~P,3#��ˮ��133����~WDH-821A~ң��~P,3#��ˮ��133����~WDH-821A~ң��~P,1,1
438,3#��ˮ��133����~WDH-821A~ң��~Q,3#��ˮ��133����~WDH-821A~ң��~Q,3#��ˮ��133����~WDH-821A~ң��~Q,1,1
439,3#��ˮ��133����~WDH-821A~ң��~COS,3#��ˮ��133����~WDH-821A~ң��~COS,3#��ˮ��133����~WDH-821A~ң��~COS,1,1
440,2#ѭ��ˮ��152����~WDH-821A~ң��~�����޹����,2#ѭ��ˮ��152����~WDH-821A~ң��~�����޹����,2#ѭ��ˮ��152����~WDH-821A~ң��~�����޹����,1,1
441,2#ѭ��ˮ��152����~WDH-821A~ң��~�����й����,2#ѭ��ˮ��152����~WDH-821A~ң��~�����й����,2#ѭ��ˮ��152����~WDH-821A~ң��~�����й����,1,1
442,2#ѭ��ˮ��152����~WDH-821A~ң��~�����й����,2#ѭ��ˮ��152����~WDH-821A~ң��~�����й����,2#ѭ��ˮ��152����~WDH-821A~ң��~�����й����,1,1
443,2#ѭ��ˮ��152����~WDH-821A~ң��~�����޹����,2#ѭ��ˮ��152����~WDH-821A~ң��~�����޹����,2#ѭ��ˮ��152����~WDH-821A~ң��~�����޹����,1,1
444,2#ѭ��ˮ��152����~WDH-821A~ң��~�ӵص���λ,2#ѭ��ˮ��152����~WDH-821A~ң��~�ӵص���λ,2#ѭ��ˮ��152����~WDH-821A~ң��~�ӵص���λ,1,1
445,2#ѭ��ˮ��152����~WDH-821A~ң��~��λ,2#ѭ��ˮ��152����~WDH-821A~ң��~��λ,2#ѭ��ˮ��152����~WDH-821A~ң��~��λ,1,1
446,2#ѭ��ˮ��152����~WDH-821A~ң��~��λ,2#ѭ��ˮ��152����~WDH-821A~ң��~��λ,2#ѭ��ˮ��152����~WDH-821A~ң��~��λ,1,1
447,2#ѭ��ˮ��152����~WDH-821A~ң��~�ֳ�����λ��,2#ѭ��ˮ��152����~WDH-821A~ң��~�ֳ�����λ��,2#ѭ��ˮ��152����~WDH-821A~ң��~�ֳ�����λ��,1,1
448,2#ѭ��ˮ��152����~WDH-821A~ң��~�ֳ�����λ��,2#ѭ��ˮ��152����~WDH-821A~ң��~�ֳ�����λ��,2#ѭ��ˮ��152����~WDH-821A~ң��~�ֳ�����λ��,1,1
449,2#ѭ��ˮ��152����~WDH-821A~ң��~IA,2#ѭ��ˮ��152����~WDH-821A~ң��~IA,2#ѭ��ˮ��152����~WDH-821A~ң��~IA,1,1
450,2#ѭ��ˮ��152����~WDH-821A~ң��~IC,2#ѭ��ˮ��152����~WDH-821A~ң��~IC,2#ѭ��ˮ��152����~WDH-821A~ң��~IC,1,1
451,2#ѭ��ˮ��152����~WDH-821A~ң��~P,2#ѭ��ˮ��152����~WDH-821A~ң��~P,2#ѭ��ˮ��152����~WDH-821A~ң��~P,1,1
452,2#ѭ��ˮ��152����~WDH-821A~ң��~Q,2#ѭ��ˮ��152����~WDH-821A~ң��~Q,2#ѭ��ˮ��152����~WDH-821A~ң��~Q,1,1
453,2#ѭ��ˮ��152����~WDH-821A~ң��~COS,2#ѭ��ˮ��152����~WDH-821A~ң��~COS,2#ѭ��ˮ��152����~WDH-821A~ң��~COS,1,1
454,4#ѭ��ˮ��154����~WDH-821A~ң��~COS,4#ѭ��ˮ��154����~WDH-821A~ң��~COS,4#ѭ��ˮ��154����~WDH-821A~ң��~COS,1,1
455,4#ѭ��ˮ��154����~WDH-821A~ң��~Q,4#ѭ��ˮ��154����~WDH-821A~ң��~Q,4#ѭ��ˮ��154����~WDH-821A~ң��~Q,1,1
456,4#ѭ��ˮ��154����~WDH-821A~ң��~P,4#ѭ��ˮ��154����~WDH-821A~ң��~P,4#ѭ��ˮ��154����~WDH-821A~ң��~P,1,1
457,4#ѭ��ˮ��154����~WDH-821A~ң��~IC,4#ѭ��ˮ��154����~WDH-821A~ң��~IC,4#ѭ��ˮ��154����~WDH-821A~ң��~IC,1,1
458,4#ѭ��ˮ��154����~WDH-821A~ң��~IA,4#ѭ��ˮ��154����~WDH-821A~ң��~IA,4#ѭ��ˮ��154����~WDH-821A~ң��~IA,1,1
459,4#ѭ��ˮ��154����~WDH-821A~ң��~�ֳ�����λ��,4#ѭ��ˮ��154����~WDH-821A~ң��~�ֳ�����λ��,4#ѭ��ˮ��154����~WDH-821A~ң��~�ֳ�����λ��,1,1
460,4#ѭ��ˮ��154����~WDH-821A~ң��~�ֳ�����λ��,4#ѭ��ˮ��154����~WDH-821A~ң��~�ֳ�����λ��,4#ѭ��ˮ��154����~WDH-821A~ң��~�ֳ�����λ��,1,1
461,4#ѭ��ˮ��154����~WDH-821A~ң��~��λ,4#ѭ��ˮ��154����~WDH-821A~ң��~��λ,4#ѭ��ˮ��154����~WDH-821A~ң��~��λ,1,1
462,4#ѭ��ˮ��154����~WDH-821A~ң��~��λ,4#ѭ��ˮ��154����~WDH-821A~ң��~��λ,4#ѭ��ˮ��154����~WDH-821A~ң��~��λ,1,1
463,4#ѭ��ˮ��154����~WDH-821A~ң��~�ӵص���λ,4#ѭ��ˮ��154����~WDH-821A~ң��~�ӵص���λ,4#ѭ��ˮ��154����~WDH-821A~ң��~�ӵص���λ,1,1
464,4#ѭ��ˮ��154����~WDH-821A~ң��~�����޹����,4#ѭ��ˮ��154����~WDH-821A~ң��~�����޹����,4#ѭ��ˮ��154����~WDH-821A~ң��~�����޹����,1,1
465,4#ѭ��ˮ��154����~WDH-821A~ң��~�����й����,4#ѭ��ˮ��154����~WDH-821A~ң��~�����й����,4#ѭ��ˮ��154����~WDH-821A~ң��~�����й����,1,1
466,4#ѭ��ˮ��154����~WDH-821A~ң��~�����й����,4#ѭ��ˮ��154����~WDH-821A~ң��~�����й����,4#ѭ��ˮ��154����~WDH-821A~ң��~�����й����,1,1
467,4#ѭ��ˮ��154����~WDH-821A~ң��~�����޹����,4#ѭ��ˮ��154����~WDH-821A~ң��~�����޹����,4#ѭ��ˮ��154����~WDH-821A~ң��~�����޹����,1,1
468,2#��ˮ��132����~WDH-821A~ң��~�����޹����,2#��ˮ��132����~WDH-821A~ң��~�����޹����,2#��ˮ��132����~WDH-821A~ң��~�����޹����,1,1
469,2#��ˮ��132����~WDH-821A~ң��~�����й����,2#��ˮ��132����~WDH-821A~ң��~�����й����,2#��ˮ��132����~WDH-821A~ң��~�����й����,1,1
470,2#��ˮ��132����~WDH-821A~ң��~�����й����,2#��ˮ��132����~WDH-821A~ң��~�����й����,2#��ˮ��132����~WDH-821A~ң��~�����й����,1,1
471,2#��ˮ��132����~WDH-821A~ң��~�����޹����,2#��ˮ��132����~WDH-821A~ң��~�����޹����,2#��ˮ��132����~WDH-821A~ң��~�����޹����,1,1
472,2#��ˮ��132����~WDH-821A~ң��~�ӵص���λ,2#��ˮ��132����~WDH-821A~ң��~�ӵص���λ,2#��ˮ��132����~WDH-821A~ң��~�ӵص���λ,1,1
473,2#��ˮ��132����~WDH-821A~ң��~��λ,2#��ˮ��132����~WDH-821A~ң��~��λ,2#��ˮ��132����~WDH-821A~ң��~��λ,1,1
474,2#��ˮ��132����~WDH-821A~ң��~��λ,2#��ˮ��132����~WDH-821A~ң��~��λ,2#��ˮ��132����~WDH-821A~ң��~��λ,1,1
475,2#��ˮ��132����~WDH-821A~ң��~�ֳ�����λ��,2#��ˮ��132����~WDH-821A~ң��~�ֳ�����λ��,2#��ˮ��132����~WDH-821A~ң��~�ֳ�����λ��,1,1
476,2#��ˮ��132����~WDH-821A~ң��~�ֳ�����λ��,2#��ˮ��132����~WDH-821A~ң��~�ֳ�����λ��,2#��ˮ��132����~WDH-821A~ң��~�ֳ�����λ��,1,1
477,2#��ˮ��132����~WDH-821A~ң��~IA,2#��ˮ��132����~WDH-821A~ң��~IA,2#��ˮ��132����~WDH-821A~ң��~IA,1,1
478,2#��ˮ��132����~WDH-821A~ң��~IC,2#��ˮ��132����~WDH-821A~ң��~IC,2#��ˮ��132����~WDH-821A~ң��~IC,1,1
479,2#��ˮ��132����~WDH-821A~ң��~P,2#��ˮ��132����~WDH-821A~ң��~P,2#��ˮ��132����~WDH-821A~ң��~P,1,1
480,2#��ˮ��132����~WDH-821A~ң��~Q,2#��ˮ��132����~WDH-821A~ң��~Q,2#��ˮ��132����~WDH-821A~ң��~Q,1,1
481,2#��ˮ��132����~WDH-821A~ң��~COS,2#��ˮ��132����~WDH-821A~ң��~COS,2#��ˮ��132����~WDH-821A~ң��~COS,1,1
482,2#����122����~WDH-821A~ң��~IA,2#����122����~WDH-821A~ң��~IA,2#����122����~WDH-821A~ң��~IA,1,1
483,2#����122����~WDH-821A~ң��~IC,2#����122����~WDH-821A~ң��~IC,2#����122����~WDH-821A~ң��~IC,1,1
484,2#����122����~WDH-821A~ң��~P,2#����122����~WDH-821A~ң��~P,2#����122����~WDH-821A~ң��~P,1,1
485,2#����122����~WDH-821A~ң��~Q,2#����122����~WDH-821A~ң��~Q,2#����122����~WDH-821A~ң��~Q,1,1
486,2#����122����~WDH-821A~ң��~COS,2#����122����~WDH-821A~ң��~COS,2#����122����~WDH-821A~ң��~COS,1,1
487,2#����122����~WDH-821A~ң��~�ֳ�����λ��,2#����122����~WDH-821A~ң��~�ֳ�����λ��,2#����122����~WDH-821A~ң��~�ֳ�����λ��,1,1
488,2#����122����~WDH-821A~ң��~�ֳ�����λ��,2#����122����~WDH-821A~ң��~�ֳ�����λ��,2#����122����~WDH-821A~ң��~�ֳ�����λ��,1,1
489,2#����122����~WDH-821A~ң��~��λ,2#����122����~WDH-821A~ң��~��λ,2#����122����~WDH-821A~ң��~��λ,1,1
490,2#����122����~WDH-821A~ң��~��λ,2#����122����~WDH-821A~ң��~��λ,2#����122����~WDH-821A~ң��~��λ,1,1
491,2#����122����~WDH-821A~ң��~�ӵص���λ,2#����122����~WDH-821A~ң��~�ӵص���λ,2#����122����~WDH-821A~ң��~�ӵص���λ,1,1
492,2#����122����~WDH-821A~ң��~�����޹����,2#����122����~WDH-821A~ң��~�����޹����,2#����122����~WDH-821A~ң��~�����޹����,1,1
493,2#����122����~WDH-821A~ң��~�����й����,2#����122����~WDH-821A~ң��~�����й����,2#����122����~WDH-821A~ң��~�����й����,1,1
494,2#����122����~WDH-821A~ң��~�����й����,2#����122����~WDH-821A~ң��~�����й����,2#����122����~WDH-821A~ң��~�����й����,1,1
495,2#����122����~WDH-821A~ң��~�����޹����,2#����122����~WDH-821A~ң��~�����޹����,2#����122����~WDH-821A~ң��~�����޹����,1,1
496,4#����124����~WDH-821A~ң��~�����޹����,4#����124����~WDH-821A~ң��~�����޹����,4#����124����~WDH-821A~ң��~�����޹����,1,1
497,4#����124����~WDH-821A~ң��~�����й����,4#����124����~WDH-821A~ң��~�����й����,4#����124����~WDH-821A~ң��~�����й����,1,1
498,4#����124����~WDH-821A~ң��~�����й����,4#����124����~WDH-821A~ң��~�����й����,4#����124����~WDH-821A~ң��~�����й����,1,1
499,4#����124����~WDH-821A~ң��~�����޹����,4#����124����~WDH-821A~ң��~�����޹����,4#����124����~WDH-821A~ң��~�����޹����,1,1
500,4#����124����~WDH-821A~ң��~�ӵص���λ,4#����124����~WDH-821A~ң��~�ӵص���λ,4#����124����~WDH-821A~ң��~�ӵص���λ,1,1
501,4#����124����~WDH-821A~ң��~��λ,4#����124����~WDH-821A~ң��~��λ,4#����124����~WDH-821A~ң��~��λ,1,1
502,4#����124����~WDH-821A~ң��~��λ,4#����124����~WDH-821A~ң��~��λ,4#����124����~WDH-821A~ң��~��λ,1,1
503,4#����124����~WDH-821A~ң��~�ֳ�����λ��,4#����124����~WDH-821A~ң��~�ֳ�����λ��,4#����124����~WDH-821A~ң��~�ֳ�����λ��,1,1
504,4#����124����~WDH-821A~ң��~�ֳ�����λ��,4#����124����~WDH-821A~ң��~�ֳ�����λ��,4#����124����~WDH-821A~ң��~�ֳ�����λ��,1,1
505,4#����124����~WDH-821A~ң��~COS,4#����124����~WDH-821A~ң��~COS,4#����124����~WDH-821A~ң��~COS,1,1
506,4#����124����~WDH-821A~ң��~Q,4#����124����~WDH-821A~ң��~Q,4#����124����~WDH-821A~ң��~Q,1,1
507,4#����124����~WDH-821A~ң��~P,4#����124����~WDH-821A~ң��~P,4#����124����~WDH-821A~ң��~P,1,1
508,4#����124����~WDH-821A~ң��~IC,4#����124����~WDH-821A~ң��~IC,4#����124����~WDH-821A~ң��~IC,1,1
509,4#����124����~WDH-821A~ң��~IA,4#����124����~WDH-821A~ң��~IA,4#����124����~WDH-821A~ң��~IA,1,1
510,10kV IIĸ���û�·2~WDH-821A~ң��~IA,10kV IIĸ���û�·2~WDH-821A~ң��~IA,10kV IIĸ���û�·2~WDH-821A~ң��~IA,1,1
511,10kV IIĸ���û�·2~WDH-821A~ң��~IC,10kV IIĸ���û�·2~WDH-821A~ң��~IC,10kV IIĸ���û�·2~WDH-821A~ң��~IC,1,1
512,10kV IIĸ���û�·2~WDH-821A~ң��~P,10kV IIĸ���û�·2~WDH-821A~ң��~P,10kV IIĸ���û�·2~WDH-821A~ң��~P,1,1
513,10kV IIĸ���û�·2~WDH-821A~ң��~Q,10kV IIĸ���û�·2~WDH-821A~ң��~Q,10kV IIĸ���û�·2~WDH-821A~ң��~Q,1,1
514,10kV IIĸ���û�·2~WDH-821A~ң��~COS,10kV IIĸ���û�·2~WDH-821A~ң��~COS,10kV IIĸ���û�·2~WDH-821A~ң��~COS,1,1
515,10kV IIĸ���û�·2~WDH-821A~ң��~�ֳ�����λ��,10kV IIĸ���û�·2~WDH-821A~ң��~�ֳ�����λ��,10kV IIĸ���û�·2~WDH-821A~ң��~�ֳ�����λ��,1,1
516,10kV IIĸ���û�·2~WDH-821A~ң��~�ֳ�����λ��,10kV IIĸ���û�·2~WDH-821A~ң��~�ֳ�����λ��,10kV IIĸ���û�·2~WDH-821A~ң��~�ֳ�����λ��,1,1
517,10kV IIĸ���û�·2~WDH-821A~ң��~��λ,10kV IIĸ���û�·2~WDH-821A~ң��~��λ,10kV IIĸ���û�·2~WDH-821A~ң��~��λ,1,1
518,10kV IIĸ���û�·2~WDH-821A~ң��~��λ,10kV IIĸ���û�·2~WDH-821A~ң��~��λ,10kV IIĸ���û�·2~WDH-821A~ң��~��λ,1,1
519,10kV IIĸ���û�·2~WDH-821A~ң��~�ӵص���λ,10kV IIĸ���û�·2~WDH-821A~ң��~�ӵص���λ,10kV IIĸ���û�·2~WDH-821A~ң��~�ӵص���λ,1,1
520,10kV IIĸ���û�·2~WDH-821A~ң��~�����޹����,10kV IIĸ���û�·2~WDH-821A~ң��~�����޹����,10kV IIĸ���û�·2~WDH-821A~ң��~�����޹����,1,1
521,10kV IIĸ���û�·2~WDH-821A~ң��~�����й����,10kV IIĸ���û�·2~WDH-821A~ң��~�����й����,10kV IIĸ���û�·2~WDH-821A~ң��~�����й����,1,1
522,10kV IIĸ���û�·2~WDH-821A~ң��~�����й����,10kV IIĸ���û�·2~WDH-821A~ң��~�����й����,10kV IIĸ���û�·2~WDH-821A~ң��~�����й����,1,1
523,10kV IIĸ���û�·2~WDH-821A~ң��~�����޹����,10kV IIĸ���û�·2~WDH-821A~ң��~�����޹����,10kV IIĸ���û�·2~WDH-821A~ң��~�����޹����,1,1
524,10kV IIĸ���û�·1~WCB-821A~ң��~IA,10kV IIĸ���û�·1~WCB-821A~ң��~IA,10kV IIĸ���û�·1~WCB-821A~ң��~IA,1,1
525,10kV IIĸ���û�·1~WCB-821A~ң��~IC,10kV IIĸ���û�·1~WCB-821A~ң��~IC,10kV IIĸ���û�·1~WCB-821A~ң��~IC,1,1
526,10kV IIĸ���û�·1~WCB-821A~ң��~P,10kV IIĸ���û�·1~WCB-821A~ң��~P,10kV IIĸ���û�·1~WCB-821A~ң��~P,1,1
527,10kV IIĸ���û�·1~WCB-821A~ң��~Q,10kV IIĸ���û�·1~WCB-821A~ң��~Q,10kV IIĸ���û�·1~WCB-821A~ң��~Q,1,1
528,10kV IIĸ���û�·1~WCB-821A~ң��~COS,10kV IIĸ���û�·1~WCB-821A~ң��~COS,10kV IIĸ���û�·1~WCB-821A~ң��~COS,1,1
529,10kV IIĸ���û�·1~WCB-821A~ң��~�ֳ�����λ��,10kV IIĸ���û�·1~WCB-821A~ң��~�ֳ�����λ��,10kV IIĸ���û�·1~WCB-821A~ң��~�ֳ�����λ��,1,1
530,10kV IIĸ���û�·1~WCB-821A~ң��~�ֳ�����λ��,10kV IIĸ���û�·1~WCB-821A~ң��~�ֳ�����λ��,10kV IIĸ���û�·1~WCB-821A~ң��~�ֳ�����λ��,1,1
531,10kV IIĸ���û�·1~WCB-821A~ң��~��λ,10kV IIĸ���û�·1~WCB-821A~ң��~��λ,10kV IIĸ���û�·1~WCB-821A~ң��~��λ,1,1
532,10kV IIĸ���û�·1~WCB-821A~ң��~��λ,10kV IIĸ���û�·1~WCB-821A~ң��~��λ,10kV IIĸ���û�·1~WCB-821A~ң��~��λ,1,1
533,10kV IIĸ���û�·1~WCB-821A~ң��~�ӵص���λ,10kV IIĸ���û�·1~WCB-821A~ң��~�ӵص���λ,10kV IIĸ���û�·1~WCB-821A~ң��~�ӵص���λ,1,1
534,10kV IIĸ���û�·1~WCB-821A~ң��~�����޹����,10kV IIĸ���û�·1~WCB-821A~ң��~�����޹����,10kV IIĸ���û�·1~WCB-821A~ң��~�����޹����,1,1
535,10kV IIĸ���û�·1~WCB-821A~ң��~�����й����,10kV IIĸ���û�·1~WCB-821A~ң��~�����й����,10kV IIĸ���û�·1~WCB-821A~ң��~�����й����,1,1
536,10kV IIĸ���û�·1~WCB-821A~ң��~�����й����,10kV IIĸ���û�·1~WCB-821A~ң��~�����й����,10kV IIĸ���û�·1~WCB-821A~ң��~�����й����,1,1
537,10kV IIĸ���û�·1~WCB-821A~ң��~�����޹����,10kV IIĸ���û�·1~WCB-821A~ң��~�����޹����,10kV IIĸ���û�·1~WCB-821A~ң��~�����޹����,1,1
538,2#�����ѹ��162����~WCB-821A~ң��~IA,2#�����ѹ��162����~WCB-821A~ң��~IA,2#�����ѹ��162����~WCB-821A~ң��~IA,1,1
539,2#�����ѹ��162����~WCB-821A~ң��~IC,2#�����ѹ��162����~WCB-821A~ң��~IC,2#�����ѹ��162����~WCB-821A~ң��~IC,1,1
540,2#�����ѹ��162����~WCB-821A~ң��~P,2#�����ѹ��162����~WCB-821A~ң��~P,2#�����ѹ��162����~WCB-821A~ң��~P,1,1
541,2#�����ѹ��162����~WCB-821A~ң��~Q,2#�����ѹ��162����~WCB-821A~ң��~Q,2#�����ѹ��162����~WCB-821A~ң��~Q,1,1
542,2#�����ѹ��162����~WCB-821A~ң��~COS,2#�����ѹ��162����~WCB-821A~ң��~COS,2#�����ѹ��162����~WCB-821A~ң��~COS,1,1
543,2#�����ѹ��162����~WCB-821A~ң��~�ֳ�����λ��,2#�����ѹ��162����~WCB-821A~ң��~�ֳ�����λ��,2#�����ѹ��162����~WCB-821A~ң��~�ֳ�����λ��,1,1
544,2#�����ѹ��162����~WCB-821A~ң��~�ֳ�����λ��,2#�����ѹ��162����~WCB-821A~ң��~�ֳ�����λ��,2#�����ѹ��162����~WCB-821A~ң��~�ֳ�����λ��,1,1
545,2#�����ѹ��162����~WCB-821A~ң��~��λ,2#�����ѹ��162����~WCB-821A~ң��~��λ,2#�����ѹ��162����~WCB-821A~ң��~��λ,1,1
546,2#�����ѹ��162����~WCB-821A~ң��~��λ,2#�����ѹ��162����~WCB-821A~ң��~��λ,2#�����ѹ��162����~WCB-821A~ң��~��λ,1,1
547,2#�����ѹ��162����~WCB-821A~ң��~�ӵص���λ,2#�����ѹ��162����~WCB-821A~ң��~�ӵص���λ,2#�����ѹ��162����~WCB-821A~ң��~�ӵص���λ,1,1
548,2#�����ѹ��162����~WCB-821A~ң��~�����޹����,2#�����ѹ��162����~WCB-821A~ң��~�����޹����,2#�����ѹ��162����~WCB-821A~ң��~�����޹����,1,1
549,2#�����ѹ��162����~WCB-821A~ң��~�����й����,2#�����ѹ��162����~WCB-821A~ң��~�����й����,2#�����ѹ��162����~WCB-821A~ң��~�����й����,1,1
550,2#�����ѹ��162����~WCB-821A~ң��~�����й����,2#�����ѹ��162����~WCB-821A~ң��~�����й����,2#�����ѹ��162����~WCB-821A~ң��~�����й����,1,1
551,2#�����ѹ��162����~WCB-821A~ң��~�����޹����,2#�����ѹ��162����~WCB-821A~ң��~�����޹����,2#�����ѹ��162����~WCB-821A~ң��~�����޹����,1,1
552,4#�����ѹ��164����~WCB-821A~ң��~�����޹����,4#�����ѹ��164����~WCB-821A~ң��~�����޹����,4#�����ѹ��164����~WCB-821A~ң��~�����޹����,1,1
553,4#�����ѹ��164����~WCB-821A~ң��~�����й����,4#�����ѹ��164����~WCB-821A~ң��~�����й����,4#�����ѹ��164����~WCB-821A~ң��~�����й����,1,1
554,4#�����ѹ��164����~WCB-821A~ң��~�����й����,4#�����ѹ��164����~WCB-821A~ң��~�����й����,4#�����ѹ��164����~WCB-821A~ң��~�����й����,1,1
555,4#�����ѹ��164����~WCB-821A~ң��~�����޹����,4#�����ѹ��164����~WCB-821A~ң��~�����޹����,4#�����ѹ��164����~WCB-821A~ң��~�����޹����,1,1
556,4#�����ѹ��164����~WCB-821A~ң��~�ӵص���λ,4#�����ѹ��164����~WCB-821A~ң��~�ӵص���λ,4#�����ѹ��164����~WCB-821A~ң��~�ӵص���λ,1,1
557,4#�����ѹ��164����~WCB-821A~ң��~��λ,4#�����ѹ��164����~WCB-821A~ң��~��λ,4#�����ѹ��164����~WCB-821A~ң��~��λ,1,1
558,4#�����ѹ��164����~WCB-821A~ң��~��λ,4#�����ѹ��164����~WCB-821A~ң��~��λ,4#�����ѹ��164����~WCB-821A~ң��~��λ,1,1
559,4#�����ѹ��164����~WCB-821A~ң��~�ֳ�����λ��,4#�����ѹ��164����~WCB-821A~ң��~�ֳ�����λ��,4#�����ѹ��164����~WCB-821A~ң��~�ֳ�����λ��,1,1
560,4#�����ѹ��164����~WCB-821A~ң��~�ֳ�����λ��,4#�����ѹ��164����~WCB-821A~ң��~�ֳ�����λ��,4#�����ѹ��164����~WCB-821A~ң��~�ֳ�����λ��,1,1
561,4#�����ѹ��164����~WCB-821A~ң��~COS,4#�����ѹ��164����~WCB-821A~ң��~COS,4#�����ѹ��164����~WCB-821A~ң��~COS,1,1
562,4#�����ѹ��164����~WCB-821A~ң��~Q,4#�����ѹ��164����~WCB-821A~ң��~Q,4#�����ѹ��164����~WCB-821A~ң��~Q,1,1
563,4#�����ѹ��164����~WCB-821A~ң��~P,4#�����ѹ��164����~WCB-821A~ң��~P,4#�����ѹ��164����~WCB-821A~ң��~P,1,1
564,4#�����ѹ��164����~WCB-821A~ң��~IC,4#�����ѹ��164����~WCB-821A~ң��~IC,4#�����ѹ��164����~WCB-821A~ң��~IC,1,1
565,4#�����ѹ��164����~WCB-821A~ң��~IA,4#�����ѹ��164����~WCB-821A~ң��~IA,4#�����ѹ��164����~WCB-821A~ң��~IA,1,1
566,10kV Iĸ���û�·2~WCB-821A~ң��~�����޹����,10kV Iĸ���û�·2~WCB-821A~ң��~�����޹����,10kV Iĸ���û�·2~WCB-821A~ң��~�����޹����,1,1
567,10kV Iĸ���û�·2~WCB-821A~ң��~�����й����,10kV Iĸ���û�·2~WCB-821A~ң��~�����й����,10kV Iĸ���û�·2~WCB-821A~ң��~�����й����,1,1
568,10kV Iĸ���û�·2~WCB-821A~ң��~�����й����,10kV Iĸ���û�·2~WCB-821A~ң��~�����й����,10kV Iĸ���û�·2~WCB-821A~ң��~�����й����,1,1
569,10kV Iĸ���û�·2~WCB-821A~ң��~�����޹����,10kV Iĸ���û�·2~WCB-821A~ң��~�����޹����,10kV Iĸ���û�·2~WCB-821A~ң��~�����޹����,1,1
570,10kV Iĸ���û�·2~WCB-821A~ң��~�ӵص���λ,10kV Iĸ���û�·2~WCB-821A~ң��~�ӵص���λ,10kV Iĸ���û�·2~WCB-821A~ң��~�ӵص���λ,1,1
571,10kV Iĸ���û�·2~WCB-821A~ң��~��λ,10kV Iĸ���û�·2~WCB-821A~ң��~��λ,10kV Iĸ���û�·2~WCB-821A~ң��~��λ,1,1
572,10kV Iĸ���û�·2~WCB-821A~ң��~��λ,10kV Iĸ���û�·2~WCB-821A~ң��~��λ,10kV Iĸ���û�·2~WCB-821A~ң��~��λ,1,1
573,10kV Iĸ���û�·2~WCB-821A~ң��~�ֳ�����λ��,10kV Iĸ���û�·2~WCB-821A~ң��~�ֳ�����λ��,10kV Iĸ���û�·2~WCB-821A~ң��~�ֳ�����λ��,1,1
574,10kV Iĸ���û�·2~WCB-821A~ң��~�ֳ�����λ��,10kV Iĸ���û�·2~WCB-821A~ң��~�ֳ�����λ��,10kV Iĸ���û�·2~WCB-821A~ң��~�ֳ�����λ��,1,1
575,10kV Iĸ���û�·2~WCB-821A~ң��~COS,10kV Iĸ���û�·2~WCB-821A~ң��~COS,10kV Iĸ���û�·2~WCB-821A~ң��~COS,1,1
576,10kV Iĸ���û�·2~WCB-821A~ң��~Q,10kV Iĸ���û�·2~WCB-821A~ң��~Q,10kV Iĸ���û�·2~WCB-821A~ң��~Q,1,1
577,10kV Iĸ���û�·2~WCB-821A~ң��~P,10kV Iĸ���û�·2~WCB-821A~ң��~P,10kV Iĸ���û�·2~WCB-821A~ң��~P,1,1
578,10kV Iĸ���û�·2~WCB-821A~ң��~IC,10kV Iĸ���û�·2~WCB-821A~ң��~IC,10kV Iĸ���û�·2~WCB-821A~ң��~IC,1,1
579,10kV Iĸ���û�·2~WCB-821A~ң��~IA,10kV Iĸ���û�·2~WCB-821A~ң��~IA,10kV Iĸ���û�·2~WCB-821A~ң��~IA,1,1
580,��ȱ�~DSSD3341~ң��~702�����й����,��ȱ�~DSSD3341~ң��~702�����й����,��ȱ�~DSSD3341~ң��~702�����й����,1,1
581,��ȱ�~DSSD3341~ң��~702�����й����,��ȱ�~DSSD3341~ң��~702�����й����,��ȱ�~DSSD3341~ң��~702�����й����,1,1
582,��ȱ�~DSSD3341~ң��~702�����޹����,��ȱ�~DSSD3341~ң��~702�����޹����,��ȱ�~DSSD3341~ң��~702�����޹����,1,1
583,��ȱ�~DSSD3341~ң��~702�����޹����,��ȱ�~DSSD3341~ң��~702�����޹����,��ȱ�~DSSD3341~ң��~702�����޹����,1,1
584,��ȱ�~DSSD3341~ң��~112�����й����,��ȱ�~DSSD3341~ң��~112�����й����,��ȱ�~DSSD3341~ң��~112�����й����,1,1
585,��ȱ�~DSSD3341~ң��~701�����޹����,��ȱ�~DSSD3341~ң��~701�����޹����,��ȱ�~DSSD3341~ң��~701�����޹����,1,1
586,��ȱ�~DSSD3341~ң��~112�����й����,��ȱ�~DSSD3341~ң��~112�����й����,��ȱ�~DSSD3341~ң��~112�����й����,1,1
587,��ȱ�~DSSD3341~ң��~701�����޹����,��ȱ�~DSSD3341~ң��~701�����޹����,��ȱ�~DSSD3341~ң��~701�����޹����,1,1
588,��ȱ�~DSSD3341~ң��~701�����й����,��ȱ�~DSSD3341~ң��~701�����й����,��ȱ�~DSSD3341~ң��~701�����й����,1,1
589,��ȱ�~DSSD3341~ң��~112�����޹����,��ȱ�~DSSD3341~ң��~112�����޹����,��ȱ�~DSSD3341~ң��~112�����޹����,1,1
590,��ȱ�~DSSD3341~ң��~701�����й����,��ȱ�~DSSD3341~ң��~701�����й����,��ȱ�~DSSD3341~ң��~701�����й����,1,1
591,��ȱ�~DSSD3341~ң��~111�����޹����,��ȱ�~DSSD3341~ң��~111�����޹����,��ȱ�~DSSD3341~ң��~111�����޹����,1,1
592,��ȱ�~DSSD3341~ң��~112�����޹����,��ȱ�~DSSD3341~ң��~112�����޹����,��ȱ�~DSSD3341~ң��~112�����޹����,1,1
593,��ȱ�~DSSD3341~ң��~111�����й����,��ȱ�~DSSD3341~ң��~111�����й����,��ȱ�~DSSD3341~ң��~111�����й����,1,1
594,��ȱ�~DSSD3341~ң��~111�����޹����,��ȱ�~DSSD3341~ң��~111�����޹����,��ȱ�~DSSD3341~ң��~111�����޹����,1,1
595,��ȱ�~DSSD3341~ң��~111�����й����,��ȱ�~DSSD3341~ң��~111�����й����,��ȱ�~DSSD3341~ң��~111�����й����,1,1
